date;max_temperature_f;mean_temperature_f;min_temperature_f;max_dew_point_f;mean_dew_point_f;min_dew_point_f;max_humidity;mean_humidity;min_humidity;max_sea_level_pressure_inches;mean_sea_level_pressure_inches;min_sea_level_pressure_inches;max_visibility_miles;mean_visibility_miles;min_visibility_miles;max_wind_Speed_mph;mean_wind_speed_mph;max_gust_speed_mph;precipitation_inches;cloud_cover;wind_dir_degrees;count
8/29/2013;74.0;68.0;61.0;61.0;58.0;56.0;93.0;75.0;57.0;30.07;30.02;29.97;10.0;10.0;10.0;23.0;11.0;28.0;0;4.0;286.0;287
8/30/2013;78.0;69.0;60.0;61.0;58.0;56.0;90.0;70.0;50.0;30.05;30.0;29.93;10.0;10.0;7.0;29.0;13.0;35.0;0;2.0;291.0;406
8/31/2013;71.0;64.0;57.0;57.0;56.0;54.0;93.0;75.0;57.0;30.0;29.96;29.92;10.0;10.0;10.0;26.0;15.0;31.0;0;4.0;284.0;480
9/1/2013;74.0;66.0;58.0;60.0;56.0;53.0;87.0;68.0;49.0;29.96;29.93;29.91;10.0;10.0;10.0;25.0;13.0;29.0;0;4.0;284.0;584
9/2/2013;75.0;69.0;62.0;61.0;60.0;58.0;93.0;77.0;61.0;29.97;29.94;29.9;10.0;10.0;6.0;23.0;12.0;30.0;0;6.0;277.0;499
9/3/2013;73.0;67.0;60.0;59.0;56.0;51.0;84.0;65.0;46.0;30.02;29.98;29.95;10.0;10.0;10.0;24.0;15.0;31.0;0;2.0;276.0;285
9/4/2013;74.0;68.0;61.0;59.0;57.0;56.0;90.0;72.0;53.0;30.05;30.01;29.97;10.0;10.0;10.0;29.0;19.0;35.0;0;4.0;269.0;236
9/5/2013;72.0;66.0;60.0;57.0;56.0;54.0;90.0;74.0;57.0;30.04;30.0;29.97;10.0;10.0;10.0;31.0;21.0;37.0;0;3.0;270.0;278
9/6/2013;85.0;71.0;56.0;57.0;51.0;45.0;86.0;58.0;29.0;30.0;29.92;29.83;10.0;10.0;10.0;24.0;8.0;28.0;0;0.0;287.0;353
9/7/2013;88.0;73.0;58.0;64.0;54.0;46.0;86.0;59.0;31.0;29.88;29.85;29.81;10.0;10.0;10.0;21.0;8.0;25.0;0;1.0;305.0;554
9/8/2013;74.0;65.0;56.0;58.0;54.0;52.0;86.0;70.0;53.0;29.88;29.83;29.76;10.0;10.0;10.0;26.0;11.0;31.0;0;2.0;299.0;505
9/9/2013;76.0;66.0;55.0;58.0;55.0;52.0;90.0;70.0;50.0;29.82;29.77;29.72;10.0;10.0;10.0;26.0;11.0;30.0;0;1.0;303.0;267
9/10/2013;74.0;66.0;57.0;59.0;56.0;54.0;93.0;73.0;53.0;29.91;29.82;29.76;10.0;10.0;10.0;17.0;8.0;21.0;0;1.0;230.0;264
9/11/2013;74.0;68.0;62.0;57.0;55.0;54.0;78.0;68.0;57.0;30.0;29.97;29.91;10.0;10.0;10.0;18.0;9.0;23.0;0;5.0;219.0;257
9/12/2013;71.0;65.0;59.0;58.0;57.0;55.0;84.0;73.0;61.0;29.99;29.95;29.91;10.0;10.0;9.0;25.0;11.0;30.0;0;7.0;268.0;265
9/13/2013;66.0;62.0;57.0;55.0;54.0;54.0;93.0;80.0;67.0;29.92;29.87;29.8;10.0;10.0;7.0;30.0;15.0;37.0;0;6.0;271.0;305
9/14/2013;66.0;62.0;57.0;55.0;54.0;53.0;87.0;77.0;67.0;29.86;29.81;29.77;10.0;10.0;9.0;25.0;16.0;33.0;0;7.0;265.0;441
9/15/2013;73.0;66.0;58.0;59.0;55.0;52.0;90.0;72.0;53.0;29.88;29.85;29.81;10.0;10.0;6.0;23.0;13.0;26.0;0;5.0;276.0;388
9/16/2013;71.0;65.0;59.0;58.0;55.0;53.0;90.0;74.0;57.0;29.91;29.87;29.81;10.0;10.0;6.0;31.0;16.0;39.0;0;3.0;274.0;238
9/17/2013;68.0;63.0;57.0;55.0;53.0;50.0;86.0;72.0;58.0;29.91;29.87;29.84;10.0;10.0;10.0;39.0;22.0;51.0;0;3.0;270.0;294
9/18/2013;78.0;66.0;54.0;55.0;49.0;47.0;78.0;60.0;41.0;29.92;29.88;29.85;10.0;10.0;10.0;25.0;10.0;30.0;0;1.0;278.0;269
9/19/2013;80.0;67.0;54.0;56.0;50.0;46.0;77.0;58.0;38.0;29.87;29.82;29.76;10.0;10.0;10.0;26.0;10.0;33.0;0;0.0;297.0;251
9/20/2013;73.0;65.0;56.0;59.0;56.0;50.0;87.0;70.0;53.0;29.88;29.84;29.79;10.0;10.0;9.0;17.0;10.0;23.0;0;6.0;248.0;311
9/21/2013;68.0;63.0;58.0;59.0;56.0;53.0;90.0;75.0;59.0;29.91;29.85;29.82;10.0;9.0;2.0;24.0;12.0;28.0;0.23;6.0;218.0;185
9/22/2013;70.0;63.0;55.0;55.0;53.0;49.0;93.0;70.0;47.0;30.02;29.97;29.92;10.0;10.0;10.0;29.0;10.0;35.0;0;1.0;292.0;360
9/23/2013;78.0;68.0;57.0;58.0;54.0;50.0;78.0;64.0;50.0;30.03;29.99;29.95;10.0;10.0;10.0;24.0;9.0;30.0;0;0.0;294.0;238
9/24/2013;71.0;65.0;58.0;54.0;52.0;50.0;78.0;66.0;53.0;30.01;29.97;29.93;10.0;10.0;10.0;36.0;19.0;43.0;0;1.0;277.0;239
9/25/2013;67.0;62.0;56.0;51.0;47.0;45.0;83.0;64.0;45.0;29.95;29.91;29.84;10.0;10.0;10.0;35.0;20.0;45.0;0;1.0;281.0;373
9/26/2013;71.0;62.0;53.0;46.0;43.0;38.0;72.0;53.0;33.0;29.99;29.92;29.85;10.0;10.0;10.0;24.0;11.0;29.0;0;0.0;281.0;233
9/27/2013;78.0;66.0;54.0;47.0;41.0;34.0;67.0;46.0;25.0;30.11;30.06;30.0;10.0;10.0;10.0;23.0;7.0;28.0;0;0.0;279.0;261
9/28/2013;78.0;66.0;53.0;55.0;48.0;38.0;84.0;60.0;35.0;30.1;30.06;30.02;10.0;10.0;10.0;28.0;9.0;32.0;0;1.0;296.0;349
9/29/2013;75.0;66.0;57.0;59.0;56.0;53.0;87.0;70.0;53.0;30.11;30.09;30.06;10.0;10.0;10.0;16.0;7.0;21.0;0;3.0;253.0;267
9/30/2013;73.0;66.0;59.0;60.0;57.0;43.0;87.0;69.0;51.0;30.07;30.03;29.98;10.0;10.0;10.0;22.0;10.0;26.0;T;4.0;264.0;127
10/1/2013;69.0;63.0;56.0;50.0;48.0;46.0;77.0;61.0;45.0;30.03;29.98;29.94;10.0;10.0;10.0;22.0;13.0;26.0;0;3.0;273.0;163
10/2/2013;69.0;62.0;54.0;49.0;46.0;44.0;77.0;61.0;45.0;30.02;29.98;29.94;10.0;10.0;10.0;29.0;14.0;35.0;0;2.0;280.0;184
10/3/2013;70.0;62.0;54.0;44.0;41.0;35.0;66.0;47.0;28.0;30.09;30.02;29.96;10.0;10.0;10.0;25.0;13.0;30.0;0;0.0;294.0;273
10/4/2013;76.0;69.0;61.0;51.0;42.0;28.0;53.0;38.0;22.0;30.1;30.05;29.98;10.0;10.0;10.0;22.0;9.0;25.0;0;0.0;13.0;244
10/5/2013;80.0;69.0;57.0;52.0;36.0;24.0;56.0;36.0;15.0;30.2;30.14;30.1;10.0;10.0;10.0;12.0;5.0;13.0;0;0.0;122.0;405
10/6/2013;83.0;70.0;56.0;52.0;44.0;27.0;66.0;40.0;13.0;30.13;30.07;30.0;10.0;10.0;10.0;14.0;5.0;15.0;0.01;4.0;345.0;355
10/7/2013;80.0;68.0;56.0;49.0;41.0;31.0;72.0;46.0;19.0;30.0;29.95;29.89;10.0;10.0;10.0;28.0;9.0;31.0;0;3.0;295.0;146
10/8/2013;72.0;62.0;52.0;50.0;47.0;44.0;77.0;59.0;41.0;29.92;29.84;29.74;10.0;10.0;10.0;20.0;10.0;24.0;0;2.0;278.0;137
10/9/2013;68.0;60.0;52.0;48.0;45.0;39.0;83.0;60.0;37.0;29.77;29.69;29.64;10.0;10.0;10.0;17.0;8.0;21.0;0;2.0;286.0;150
10/10/2013;70.0;62.0;53.0;52.0;47.0;43.0;77.0;61.0;45.0;30.02;29.91;29.77;10.0;10.0;10.0;13.0;5.0;15.0;0;1.0;302.0;191
10/11/2013;63.0;57.0;51.0;49.0;47.0;45.0;83.0;70.0;56.0;30.09;30.04;30.0;10.0;10.0;10.0;25.0;9.0;30.0;0;4.0;275.0;181
10/12/2013;64.0;56.0;47.0;50.0;46.0;42.0;89.0;71.0;53.0;30.02;29.98;29.91;10.0;8.0;0.0;32.0;13.0;40.0;0;3.0;252.0;346
10/13/2013;73.0;62.0;51.0;51.0;47.0;40.0;89.0;60.0;31.0;30.07;30.01;29.94;10.0;10.0;10.0;22.0;7.0;26.0;0;1.0;286.0;309
10/14/2013;77.0;64.0;51.0;50.0;41.0;36.0;71.0;49.0;27.0;30.12;30.06;30.01;10.0;10.0;10.0;18.0;5.0;;0;0.0;272.0;220
10/15/2013;80.0;67.0;53.0;50.0;37.0;31.0;61.0;40.0;18.0;30.05;30.01;29.96;10.0;10.0;10.0;21.0;5.0;22.0;0;0.0;294.0;232
10/16/2013;80.0;67.0;53.0;54.0;42.0;32.0;63.0;41.0;19.0;30.09;30.05;30.0;10.0;10.0;10.0;13.0;4.0;14.0;0;1.0;305.0;186
10/17/2013;81.0;68.0;54.0;53.0;45.0;35.0;72.0;56.0;39.0;30.09;30.03;29.97;10.0;10.0;10.0;20.0;7.0;24.0;0;0.0;306.0;226
10/18/2013;68.0;60.0;51.0;52.0;48.0;46.0;83.0;66.0;48.0;30.06;30.02;29.99;10.0;10.0;10.0;23.0;10.0;25.0;0;1.0;294.0;251
10/19/2013;74.0;62.0;49.0;52.0;48.0;45.0;86.0;65.0;44.0;30.09;30.04;30.0;10.0;10.0;10.0;21.0;9.0;23.0;0;0.0;301.0;350
10/20/2013;64.0;57.0;49.0;52.0;47.0;45.0;93.0;77.0;60.0;30.03;29.99;29.92;10.0;8.0;0.0;22.0;11.0;26.0;0;2.0;290.0;239
10/21/2013;61.0;55.0;48.0;50.0;47.0;45.0;93.0;80.0;67.0;30.03;29.98;29.93;10.0;10.0;7.0;21.0;9.0;25.0;0;3.0;284.0;146
10/22/2013;64.0;56.0;47.0;51.0;48.0;46.0;100.0;82.0;64.0;30.03;29.99;29.93;10.0;5.0;0.0;21.0;10.0;25.0;0;5.0;281.0;109
10/23/2013;61.0;55.0;49.0;51.0;48.0;46.0;93.0;83.0;72.0;30.0;29.96;29.91;10.0;7.0;2.0;23.0;9.0;28.0;0;6.0;282.0;95
10/24/2013;60.0;57.0;53.0;48.0;47.0;45.0;83.0;73.0;62.0;30.12;30.05;29.99;10.0;10.0;8.0;15.0;9.0;20.0;0;6.0;269.0;108
10/25/2013;67.0;59.0;50.0;50.0;47.0;45.0;86.0;69.0;52.0;30.18;30.13;30.09;10.0;10.0;10.0;21.0;9.0;24.0;0;4.0;263.0;131
10/26/2013;70.0;60.0;49.0;53.0;48.0;43.0;89.0;67.0;44.0;30.15;30.09;30.02;10.0;10.0;10.0;22.0;9.0;25.0;0;1.0;292.0;230
10/27/2013;60.0;55.0;50.0;49.0;47.0;45.0;89.0;76.0;62.0;30.04;29.9;29.69;10.0;10.0;10.0;43.0;18.0;51.0;T;6.0;267.0;104
10/28/2013;61.0;57.0;52.0;48.0;46.0;44.0;83.0;69.0;55.0;29.86;29.75;29.69;10.0;10.0;10.0;36.0;15.0;43.0;0;5.0;263.0;69
10/29/2013;63.0;58.0;52.0;48.0;45.0;42.0;83.0;66.0;48.0;30.06;29.97;29.87;10.0;10.0;10.0;17.0;7.0;21.0;0;4.0;256.0;84
10/30/2013;65.0;57.0;48.0;50.0;45.0;42.0;83.0;66.0;48.0;30.16;30.11;30.07;10.0;10.0;10.0;18.0;7.0;22.0;0;2.0;286.0;105
10/31/2013;70.0;59.0;48.0;51.0;43.0;38.0;71.0;54.0;37.0;30.19;30.13;30.08;10.0;10.0;10.0;14.0;4.0;;0;0.0;300.0;157
11/1/2013;74.0;63.0;51.0;53.0;45.0;41.0;77.0;57.0;37.0;30.14;30.08;30.01;10.0;10.0;10.0;15.0;4.0;18.0;0;0.0;315.0;167
11/2/2013;63.0;57.0;50.0;51.0;47.0;41.0;89.0;73.0;56.0;30.03;29.99;29.93;10.0;9.0;2.0;28.0;13.0;33.0;0;3.0;284.0;279
11/3/2013;63.0;55.0;47.0;45.0;41.0;34.0;77.0;56.0;34.0;30.06;29.99;29.94;10.0;10.0;10.0;22.0;9.0;24.0;0;4.0;277.0;162
11/4/2013;67.0;56.0;44.0;43.0;39.0;32.0;80.0;56.0;31.0;30.07;30.0;29.94;10.0;10.0;10.0;23.0;9.0;28.0;0;0.0;286.0;114
11/5/2013;71.0;61.0;50.0;45.0;38.0;29.0;66.0;44.0;22.0;30.22;30.16;30.08;10.0;10.0;10.0;15.0;4.0;17.0;0;1.0;279.0;150
11/6/2013;70.0;61.0;51.0;49.0;42.0;36.0;72.0;52.0;31.0;30.26;30.21;30.16;10.0;10.0;9.0;5.0;0.0;6.0;0;5.0;68.0;133
11/7/2013;71.0;64.0;56.0;51.0;46.0;40.0;80.0;61.0;42.0;30.18;30.13;30.09;10.0;10.0;9.0;22.0;8.0;26.0;0;4.0;284.0;161
11/8/2013;70.0;60.0;50.0;53.0;48.0;40.0;100.0;72.0;43.0;30.1;30.05;29.98;10.0;7.0;0.0;24.0;8.0;26.0;0;2.0;269.0;212
11/9/2013;66.0;57.0;48.0;53.0;47.0;40.0;80.0;64.0;48.0;30.05;30.01;29.97;10.0;10.0;9.0;12.0;3.0;14.0;0;1.0;334.0;325
11/10/2013;64.0;58.0;51.0;51.0;48.0;45.0;83.0;72.0;60.0;30.13;30.09;30.04;10.0;10.0;9.0;13.0;5.0;16.0;0;3.0;269.0;255
11/11/2013;62.0;58.0;54.0;51.0;49.0;46.0;83.0;72.0;60.0;30.17;30.13;30.09;10.0;9.0;6.0;12.0;5.0;15.0;0;7.0;76.0;141
11/12/2013;70.0;64.0;57.0;53.0;50.0;46.0;77.0;62.0;47.0;30.27;30.23;30.17;10.0;10.0;10.0;18.0;7.0;22.0;T;4.0;312.0;112
11/13/2013;68.0;60.0;52.0;55.0;51.0;47.0;93.0;77.0;60.0;30.25;30.18;30.12;10.0;10.0;9.0;23.0;8.0;26.0;0;3.0;303.0;66
11/14/2013;61.0;56.0;51.0;52.0;49.0;45.0;96.0;84.0;71.0;30.13;30.03;29.9;10.0;10.0;8.0;29.0;13.0;37.0;0;5.0;266.0;79
11/15/2013;65.0;58.0;50.0;46.0;44.0;41.0;83.0;66.0;48.0;29.89;29.82;29.76;10.0;10.0;10.0;35.0;12.0;40.0;0;1.0;268.0;173
11/16/2013;62.0;56.0;49.0;50.0;46.0;42.0;83.0;67.0;51.0;29.94;29.86;29.79;10.0;10.0;10.0;26.0;14.0;35.0;0;2.0;273.0;197
11/17/2013;63.0;56.0;49.0;49.0;45.0;42.0;89.0;69.0;48.0;30.1;30.03;29.94;10.0;10.0;10.0;13.0;6.0;16.0;0;4.0;245.0;177
11/18/2013;60.0;53.0;46.0;46.0;44.0;40.0;82.0;69.0;55.0;30.16;30.12;30.1;10.0;10.0;10.0;15.0;5.0;18.0;0;5.0;199.0;78
11/19/2013;61.0;58.0;54.0;55.0;50.0;45.0;93.0;80.0;66.0;30.1;30.03;29.95;10.0;9.0;6.0;14.0;7.0;16.0;0.28;7.0;131.0;57
11/20/2013;59.0;55.0;51.0;56.0;53.0;47.0;93.0;90.0;86.0;29.94;29.9;29.85;10.0;9.0;4.0;22.0;7.0;24.0;0.63;7.0;239.0;34
11/21/2013;62.0;56.0;50.0;49.0;42.0;32.0;93.0;64.0;35.0;29.99;29.94;29.91;10.0;10.0;9.0;32.0;11.0;39.0;T;5.0;349.0;99
11/22/2013;69.0;63.0;57.0;39.0;32.0;25.0;40.0;30.0;19.0;30.03;29.97;29.91;10.0;10.0;10.0;26.0;14.0;32.0;0;1.0;47.0;113
11/23/2013;65.0;58.0;50.0;45.0;38.0;31.0;71.0;50.0;28.0;30.11;30.04;29.97;10.0;10.0;10.0;22.0;5.0;32.0;0;0.0;79.0;282
11/24/2013;60.0;53.0;45.0;49.0;43.0;39.0;86.0;70.0;53.0;30.26;30.19;30.12;10.0;10.0;10.0;9.0;3.0;10.0;0;0.0;319.0;159
11/25/2013;61.0;53.0;44.0;46.0;43.0;38.0;86.0;70.0;53.0;30.33;30.28;30.25;10.0;10.0;9.0;7.0;2.0;10.0;0;1.0;180.0;97
11/26/2013;62.0;55.0;47.0;47.0;44.0;39.0;86.0;65.0;43.0;30.27;30.16;30.04;10.0;9.0;6.0;7.0;2.0;8.0;0;5.0;100.0;103
11/27/2013;62.0;55.0;48.0;49.0;45.0;41.0;86.0;69.0;52.0;30.03;29.92;29.85;10.0;9.0;7.0;7.0;1.0;7.0;0;5.0;137.0;66
11/28/2013;66.0;58.0;49.0;51.0;44.0;37.0;83.0;64.0;44.0;30.08;29.96;29.88;10.0;9.0;7.0;16.0;4.0;18.0;0;3.0;280.0;164
11/29/2013;62.0;54.0;46.0;51.0;45.0;38.0;77.0;70.0;63.0;30.22;30.15;30.09;10.0;10.0;9.0;24.0;3.0;28.0;0;0.0;316.0;192
11/30/2013;63.0;54.0;45.0;51.0;47.0;41.0;93.0;79.0;65.0;30.28;30.25;30.19;10.0;6.0;0.0;15.0;4.0;20.0;0;3.0;303.0;142
12/1/2013;67.0;57.0;46.0;50.0;46.0;41.0;86.0;66.0;46.0;30.35;30.27;30.22;10.0;10.0;9.0;14.0;4.0;16.0;0;1.0;308.0;117
12/2/2013;62.0;54.0;46.0;54.0;49.0;44.0;96.0;80.0;64.0;30.22;30.1;29.99;10.0;8.0;0.0;33.0;14.0;38.0;T;5.0;277.0;25
12/3/2013;56.0;51.0;46.0;54.0;38.0;25.0;93.0;69.0;45.0;29.98;29.92;29.87;10.0;10.0;4.0;24.0;14.0;31.0;0;4.0;285.0;30
12/4/2013;52.0;46.0;39.0;31.0;26.0;21.0;62.0;46.0;30.0;30.09;30.04;29.96;10.0;10.0;10.0;14.0;5.0;16.0;0;0.0;309.0;51
12/5/2013;51.0;43.0;35.0;31.0;24.0;18.0;64.0;45.0;26.0;30.18;30.14;30.09;10.0;10.0;10.0;12.0;4.0;14.0;0;0.0;196.0;75
12/6/2013;53.0;45.0;37.0;48.0;37.0;31.0;80.0;65.0;50.0;30.19;30.1;29.94;10.0;10.0;6.0;30.0;9.0;43.0;0.29;6.0;180.0;69
12/7/2013;52.0;45.0;38.0;48.0;32.0;24.0;89.0;63.0;36.0;30.25;30.09;29.94;10.0;10.0;3.0;29.0;13.0;36.0;0.06;3.0;293.0;85
12/8/2013;47.0;42.0;36.0;31.0;24.0;17.0;70.0;53.0;36.0;30.33;30.28;30.24;10.0;10.0;10.0;22.0;10.0;24.0;0;2.0;64.0;73
12/9/2013;52.0;44.0;36.0;31.0;23.0;18.0;70.0;49.0;28.0;30.43;30.37;30.32;10.0;10.0;10.0;20.0;8.0;23.0;0;0.0;113.0;28
12/10/2013;52.0;43.0;34.0;35.0;30.0;27.0;70.0;56.0;42.0;30.4;30.3;30.22;10.0;10.0;10.0;10.0;3.0;13.0;0;2.0;138.0;62
12/11/2013;57.0;48.0;38.0;36.0;32.0;27.0;85.0;60.0;35.0;30.25;30.21;30.18;10.0;10.0;10.0;14.0;3.0;16.0;0;1.0;130.0;70
12/12/2013;54.0;46.0;38.0;44.0;35.0;29.0;86.0;67.0;48.0;30.27;30.23;30.18;10.0;10.0;7.0;16.0;4.0;20.0;0;1.0;278.0;85
12/13/2013;53.0;47.0;40.0;45.0;41.0;38.0;89.0;76.0;63.0;30.34;30.28;30.25;10.0;9.0;7.0;12.0;4.0;14.0;0;2.0;353.0;137
12/14/2013;61.0;50.0;39.0;42.0;37.0;33.0;85.0;61.0;36.0;30.4;30.35;30.32;10.0;10.0;8.0;9.0;2.0;10.0;0;1.0;263.0;127
12/15/2013;60.0;50.0;40.0;44.0;38.0;34.0;76.0;60.0;43.0;30.36;30.3;30.24;10.0;9.0;7.0;10.0;2.0;12.0;0;3.0;102.0;115
12/16/2013;65.0;54.0;43.0;44.0;37.0;33.0;77.0;54.0;31.0;30.23;30.18;30.13;10.0;10.0;10.0;10.0;2.0;13.0;0;5.0;113.0;106
12/17/2013;59.0;53.0;46.0;46.0;41.0;36.0;77.0;60.0;43.0;30.18;30.11;30.04;9.0;6.0;5.0;7.0;3.0;8.0;0;6.0;96.0;73
12/18/2013;57.0;51.0;44.0;46.0;43.0;38.0;77.0;72.0;66.0;30.03;29.91;29.8;10.0;9.0;6.0;35.0;12.0;40.0;0;6.0;274.0;57
12/19/2013;59.0;53.0;47.0;43.0;36.0;23.0;77.0;52.0;27.0;29.94;29.83;29.74;10.0;10.0;10.0;36.0;12.0;43.0;0;2.0;306.0;100
12/20/2013;60.0;50.0;40.0;43.0;32.0;21.0;71.0;50.0;29.0;30.02;29.98;29.94;10.0;10.0;10.0;15.0;5.0;18.0;0;1.0;257.0;108
12/21/2013;60.0;54.0;47.0;47.0;45.0;43.0;86.0;74.0;62.0;30.09;30.03;29.98;10.0;10.0;10.0;17.0;7.0;21.0;0;1.0;288.0;120
12/22/2013;65.0;54.0;43.0;47.0;42.0;37.0;89.0;64.0;39.0;30.29;30.21;30.1;10.0;10.0;10.0;9.0;1.0;10.0;0;1.0;337.0;143
12/23/2013;60.0;52.0;44.0;45.0;40.0;37.0;80.0;64.0;47.0;30.4;30.35;30.3;10.0;9.0;7.0;8.0;1.0;9.0;0;1.0;32.0;110
12/24/2013;59.0;52.0;45.0;47.0;41.0;38.0;76.0;64.0;51.0;30.34;30.27;30.21;10.0;9.0;7.0;8.0;2.0;24.0;0;2.0;308.0;101
12/25/2013;63.0;53.0;42.0;44.0;40.0;36.0;76.0;60.0;43.0;30.29;30.25;30.2;10.0;10.0;9.0;6.0;1.0;8.0;0;0.0;218.0;276
12/26/2013;62.0;53.0;43.0;46.0;41.0;38.0;83.0;63.0;43.0;30.26;30.22;30.17;10.0;9.0;7.0;7.0;1.0;8.0;0;0.0;24.0;102
12/27/2013;57.0;50.0;43.0;45.0;41.0;37.0;76.0;64.0;51.0;30.24;30.19;30.13;10.0;10.0;8.0;8.0;2.0;9.0;0;4.0;60.0;109
12/28/2013;63.0;52.0;40.0;45.0;38.0;29.0;85.0;59.0;32.0;30.16;30.1;30.04;10.0;10.0;9.0;10.0;2.0;13.0;0;0.0;262.0;224
12/29/2013;68.0;55.0;42.0;37.0;29.0;16.0;71.0;43.0;14.0;30.18;30.13;30.1;10.0;10.0;10.0;13.0;3.0;26.0;0;0.0;129.0;174
12/30/2013;59.0;51.0;42.0;46.0;40.0;33.0;86.0;65.0;43.0;30.26;30.22;30.18;10.0;10.0;9.0;13.0;3.0;15.0;0;3.0;312.0;126
12/31/2013;59.0;50.0;41.0;45.0;40.0;35.0;93.0;73.0;53.0;30.28;30.22;30.17;10.0;7.0;0.0;13.0;3.0;15.0;0;3.0;278.0;157
1/1/2014;56.0;49.0;41.0;45.0;40.0;36.0;83.0;69.0;55.0;30.22;30.17;30.13;10.0;9.0;7.0;9.0;1.0;10.0;0;3.0;290.0;235
1/2/2014;62.0;53.0;43.0;45.0;39.0;34.0;80.0;58.0;36.0;30.18;30.11;30.06;10.0;10.0;10.0;6.0;1.0;6.0;0;3.0;146.0;129
1/3/2014;64.0;54.0;44.0;46.0;41.0;34.0;80.0;59.0;37.0;30.08;30.02;29.96;10.0;10.0;9.0;14.0;4.0;16.0;0;3.0;297.0;128
1/4/2014;66.0;55.0;43.0;46.0;42.0;33.0;93.0;65.0;36.0;30.09;30.02;29.99;10.0;6.0;0.0;15.0;2.0;18.0;0;2.0;266.0;130
1/5/2014;66.0;55.0;44.0;38.0;32.0;27.0;65.0;45.0;24.0;30.21;30.16;30.09;10.0;10.0;10.0;14.0;5.0;15.0;0;0.0;125.0;105
1/6/2014;60.0;52.0;44.0;45.0;40.0;32.0;71.0;61.0;51.0;30.28;30.21;30.17;10.0;10.0;7.0;9.0;2.0;10.0;0;5.0;75.0;75
1/7/2014;61.0;54.0;46.0;52.0;45.0;39.0;86.0;70.0;53.0;30.22;30.18;30.14;10.0;9.0;7.0;15.0;4.0;17.0;T;5.0;304.0;53
1/8/2014;59.0;56.0;52.0;51.0;48.0;46.0;86.0;79.0;72.0;30.24;30.2;30.16;10.0;9.0;3.0;20.0;9.0;24.0;0.01;7.0;281.0;76
1/9/2014;60.0;56.0;52.0;50.0;47.0;43.0;89.0;73.0;57.0;30.27;30.23;30.2;10.0;10.0;5.0;25.0;12.0;31.0;T;5.0;287.0;112
1/10/2014;60.0;54.0;48.0;48.0;46.0;43.0;89.0;75.0;60.0;30.31;30.25;30.19;10.0;9.0;6.0;15.0;6.0;17.0;0;4.0;310.0;110
1/11/2014;58.0;52.0;46.0;51.0;46.0;42.0;93.0;83.0;72.0;30.3;30.23;30.16;10.0;10.0;6.0;18.0;6.0;22.0;T;4.0;281.0;85
1/12/2014;60.0;53.0;46.0;47.0;42.0;36.0;93.0;70.0;47.0;30.4;30.33;30.27;10.0;10.0;7.0;17.0;7.0;20.0;0;2.0;313.0;184
1/13/2014;67.0;55.0;42.0;44.0;37.0;32.0;71.0;50.0;28.0;30.47;30.4;30.35;10.0;10.0;10.0;18.0;3.0;22.0;0;1.0;88.0;76
1/14/2014;72.0;58.0;44.0;42.0;37.0;26.0;71.0;45.0;19.0;30.45;30.38;30.32;10.0;10.0;10.0;12.0;2.0;15.0;0;0.0;134.0;83
1/15/2014;73.0;61.0;48.0;40.0;34.0;25.0;71.0;44.0;17.0;30.35;30.27;30.2;10.0;10.0;10.0;10.0;3.0;13.0;0;0.0;131.0;102
1/16/2014;73.0;60.0;46.0;44.0;35.0;27.0;71.0;45.0;19.0;30.24;30.18;30.13;10.0;10.0;10.0;8.0;2.0;10.0;0;0.0;125.0;93
1/17/2014;67.0;56.0;45.0;45.0;39.0;35.0;71.0;53.0;34.0;30.2;30.15;30.11;10.0;9.0;5.0;5.0;1.0;7.0;0;0.0;128.0;127
1/18/2014;67.0;55.0;43.0;47.0;39.0;32.0;77.0;57.0;36.0;30.18;30.11;30.06;10.0;9.0;7.0;7.0;1.0;12.0;0;0.0;128.0;221
1/19/2014;67.0;55.0;43.0;44.0;38.0;34.0;76.0;54.0;32.0;30.14;30.1;30.06;10.0;10.0;8.0;7.0;2.0;7.0;0;1.0;110.0;221
1/20/2014;66.0;55.0;43.0;48.0;41.0;34.0;76.0;60.0;43.0;30.23;30.17;30.12;10.0;9.0;7.0;9.0;2.0;9.0;0;1.0;354.0;150
1/21/2014;68.0;56.0;43.0;44.0;37.0;25.0;76.0;48.0;20.0;30.27;30.21;30.16;10.0;10.0;10.0;12.0;2.0;13.0;0;3.0;258.0;60
1/22/2014;65.0;55.0;44.0;47.0;41.0;31.0;77.0;64.0;51.0;30.17;30.05;29.93;10.0;10.0;10.0;18.0;5.0;22.0;0;1.0;304.0;80
1/23/2014;69.0;57.0;44.0;47.0;38.0;27.0;80.0;51.0;21.0;30.02;29.93;29.88;10.0;9.0;7.0;17.0;5.0;21.0;0;0.0;61.0;121
1/24/2014;64.0;55.0;46.0;47.0;41.0;32.0;80.0;56.0;32.0;30.28;30.16;30.03;10.0;8.0;4.0;9.0;3.0;9.0;0;3.0;5.0;81
1/25/2014;65.0;57.0;48.0;48.0;43.0;34.0;83.0;60.0;37.0;30.27;30.19;30.13;10.0;9.0;7.0;12.0;2.0;13.0;0;2.0;281.0;189
1/26/2014;66.0;57.0;48.0;48.0;43.0;33.0;83.0;65.0;46.0;30.14;30.09;30.03;10.0;10.0;9.0;21.0;6.0;24.0;0;3.0;317.0;162
1/27/2014;59.0;54.0;48.0;48.0;46.0;43.0;83.0;73.0;62.0;30.21;30.15;30.08;10.0;10.0;7.0;18.0;6.0;20.0;0;6.0;301.0;6
1/28/2014;65.0;59.0;53.0;57.0;53.0;47.0;90.0;81.0;72.0;30.27;30.22;30.2;10.0;10.0;2.0;17.0;5.0;21.0;0;7.0;290.0;61
1/29/2014;63.0;59.0;54.0;57.0;54.0;50.0;93.0;89.0;84.0;30.2;30.11;30.0;10.0;10.0;7.0;20.0;8.0;22.0;T;8.0;282.0;45
1/30/2014;58.0;55.0;52.0;51.0;48.0;46.0;93.0;80.0;67.0;29.98;29.91;29.88;10.0;10.0;9.0;30.0;14.0;38.0;T;6.0;267.0;41
1/31/2014;60.0;54.0;47.0;46.0;42.0;36.0;86.0;63.0;39.0;30.09;30.04;29.92;10.0;10.0;9.0;32.0;12.0;38.0;0;1.0;285.0;69
2/1/2014;59.0;51.0;42.0;43.0;39.0;36.0;82.0;63.0;43.0;30.17;30.12;30.08;10.0;10.0;10.0;20.0;6.0;23.0;0;1.0;270.0;158
2/2/2014;58.0;53.0;47.0;44.0;42.0;36.0;86.0;74.0;61.0;30.04;29.92;29.85;10.0;8.0;4.0;29.0;12.0;33.0;0.85;7.0;111.0;61
2/3/2014;56.0;51.0;46.0;43.0;41.0;39.0;82.0;69.0;55.0;30.09;30.04;29.99;10.0;10.0;10.0;25.0;11.0;32.0;0;3.0;306.0;74
2/4/2014;55.0;50.0;44.0;44.0;40.0;36.0;83.0;67.0;50.0;30.17;30.12;30.09;10.0;10.0;10.0;21.0;7.0;23.0;0;4.0;288.0;65
2/5/2014;55.0;49.0;43.0;46.0;42.0;38.0;86.0;73.0;59.0;30.21;30.15;30.06;10.0;10.0;10.0;17.0;7.0;24.0;0.09;6.0;255.0;49
2/6/2014;52.0;50.0;48.0;52.0;48.0;42.0;100.0;90.0;80.0;30.05;29.96;29.91;10.0;8.0;2.0;20.0;7.0;23.0;0.64;8.0;100.0;32
2/7/2014;56.0;54.0;51.0;54.0;51.0;49.0;100.0;92.0;83.0;30.08;30.04;30.0;10.0;9.0;3.0;31.0;11.0;40.0;0.23;8.0;152.0;25
2/8/2014;59.0;56.0;53.0;58.0;55.0;49.0;100.0;92.0;83.0;30.15;30.1;30.06;10.0;5.0;2.0;28.0;13.0;37.0;0.42;8.0;164.0;22
2/9/2014;59.0;57.0;55.0;58.0;56.0;52.0;100.0;92.0;83.0;30.16;30.12;30.06;10.0;6.0;2.0;21.0;9.0;26.0;0.35;8.0;174.0;13
2/10/2014;57.0;54.0;51.0;54.0;52.0;50.0;100.0;93.0;86.0;30.29;30.23;30.14;10.0;9.0;2.0;17.0;10.0;20.0;T;7.0;274.0;64
2/11/2014;56.0;53.0;49.0;51.0;49.0;48.0;100.0;92.0;83.0;30.26;30.22;30.18;10.0;10.0;7.0;22.0;9.0;26.0;0;6.0;287.0;44
2/12/2014;56.0;51.0;46.0;51.0;48.0;45.0;100.0;92.0;83.0;30.29;30.24;30.2;10.0;7.0;0.0;18.0;6.0;22.0;0;6.0;278.0;86
2/13/2014;67.0;59.0;50.0;57.0;53.0;50.0;100.0;87.0;73.0;30.23;30.17;30.11;10.0;6.0;0.0;15.0;8.0;20.0;0;6.0;288.0;76
2/14/2014;66.0;61.0;56.0;55.0;54.0;50.0;100.0;80.0;60.0;30.18;30.13;30.06;10.0;8.0;2.0;14.0;5.0;16.0;0;7.0;293.0;113
2/15/2014;62.0;57.0;52.0;55.0;52.0;49.0;93.0;83.0;72.0;30.05;30.02;30.0;10.0;10.0;7.0;17.0;5.0;21.0;T;7.0;174.0;192
2/16/2014;63.0;57.0;50.0;54.0;47.0;40.0;93.0;68.0;43.0;30.21;30.14;30.06;10.0;10.0;6.0;20.0;8.0;23.0;0.01;3.0;292.0;195
2/17/2014;61.0;54.0;46.0;49.0;45.0;42.0;86.0;69.0;51.0;30.19;30.16;30.11;10.0;10.0;10.0;21.0;10.0;25.0;0;3.0;280.0;162
2/18/2014;62.0;55.0;48.0;53.0;49.0;45.0;93.0;80.0;67.0;30.2;30.15;30.12;10.0;10.0;5.0;22.0;8.0;25.0;0;5.0;272.0;113
2/19/2014;62.0;57.0;51.0;54.0;48.0;43.0;93.0;72.0;51.0;30.22;30.16;30.12;10.0;10.0;10.0;23.0;14.0;26.0;0.01;4.0;276.0;99
2/20/2014;67.0;56.0;45.0;47.0;44.0;41.0;86.0;65.0;43.0;30.22;30.17;30.12;10.0;10.0;9.0;18.0;6.0;22.0;0;4.0;277.0;70
2/21/2014;69.0;58.0;47.0;51.0;46.0;40.0;86.0;61.0;35.0;30.12;30.06;30.0;10.0;10.0;10.0;22.0;7.0;26.0;0;1.0;282.0;100
2/22/2014;66.0;56.0;46.0;52.0;48.0;43.0;93.0;78.0;63.0;30.03;29.99;29.94;10.0;10.0;10.0;23.0;9.0;28.0;0;2.0;286.0;222
2/23/2014;63.0;55.0;46.0;52.0;47.0;44.0;93.0;81.0;69.0;30.04;30.0;29.96;10.0;9.0;6.0;23.0;8.0;26.0;0;3.0;268.0;157
2/24/2014;71.0;58.0;45.0;53.0;47.0;41.0;89.0;65.0;40.0;30.01;29.96;29.91;10.0;10.0;10.0;17.0;6.0;21.0;0;1.0;302.0;51
2/25/2014;62.0;55.0;48.0;53.0;48.0;45.0;89.0;78.0;67.0;29.99;29.95;29.92;10.0;9.0;7.0;20.0;6.0;23.0;0;6.0;215.0;86
2/26/2014;60.0;57.0;54.0;56.0;52.0;47.0;93.0;80.0;67.0;29.96;29.84;29.69;10.0;9.0;4.0;31.0;15.0;39.0;0.43;8.0;147.0;23
2/27/2014;62.0;58.0;55.0;52.0;51.0;51.0;89.0;81.0;67.0;29.91;29.85;29.78;10.0;10.0;8.0;17.0;15.0;35.0;0.22;8.0;205.0;63
2/28/2014;63.0;59.0;55.0;54.0;50.0;43.0;86.0;65.0;43.0;29.5;29.43;29.39;10.0;8.0;1.0;26.0;13.0;33.0;0.74;8.0;208.0;44
3/1/2014;69.0;62.0;54.0;54.0;48.0;44.0;78.0;63.0;48.0;29.82;29.63;29.47;10.0;10.0;10.0;17.0;10.0;25.0;0.03;7.0;108.0;125
8/31/2014;76.0;69.0;61.0;59.0;57.0;54.0;84.0;69.0;54.0;29.95;29.9;29.85;10.0;10.0;10.0;17.0;8.0;28.0;0;3.0;279.0;340
3/2/2014;61.0;57.0;53.0;55.0;51.0;47.0;83.0;75.0;67.0;30.17;30.01;29.83;10.0;9.0;2.0;20.0;9.0;26.0;0.02;6.0;181.0;67
8/30/2014;77.0;68.0;59.0;60.0;58.0;56.0;87.0;71.0;54.0;29.93;29.9;29.87;10.0;10.0;10.0;18.0;8.0;21.0;0;3.0;267.0;301
3/3/2014;61.0;56.0;50.0;52.0;49.0;47.0;89.0;77.0;64.0;30.15;30.11;30.04;10.0;10.0;9.0;18.0;6.0;28.0;0.1;7.0;135.0;40
8/29/2014;72.0;67.0;61.0;58.0;57.0;55.0;84.0;75.0;66.0;29.98;29.94;29.9;10.0;10.0;10.0;21.0;7.0;24.0;T;7.0;272.0;217
3/4/2014;66.0;61.0;55.0;54.0;52.0;49.0;86.0;77.0;67.0;30.12;30.09;30.06;10.0;10.0;7.0;17.0;5.0;;T;7.0;16.0;48
8/28/2014;75.0;68.0;60.0;59.0;57.0;55.0;90.0;74.0;57.0;30.08;30.03;29.94;10.0;10.0;10.0;20.0;9.0;22.0;0;4.0;296.0;126
3/5/2014;66.0;60.0;54.0;58.0;54.0;48.0;93.0;73.0;52.0;30.11;30.06;29.99;10.0;8.0;2.0;20.0;6.0;23.0;0.26;8.0;211.0;75
8/27/2014;77.0;68.0;59.0;59.0;57.0;55.0;84.0;69.0;54.0;30.07;30.04;30.0;10.0;10.0;8.0;21.0;9.0;22.0;0;1.0;302.0;182
3/6/2014;65.0;58.0;51.0;57.0;53.0;48.0;93.0;80.0;67.0;30.2;30.13;30.06;10.0;9.0;4.0;15.0;8.0;20.0;0.01;6.0;258.0;84
8/26/2014;75.0;69.0;62.0;57.0;55.0;53.0;78.0;64.0;49.0;30.03;29.99;29.95;10.0;10.0;10.0;18.0;9.0;23.0;0;2.0;284.0;214
3/7/2014;66.0;57.0;48.0;50.0;47.0;43.0;89.0;67.0;44.0;30.19;30.15;30.11;10.0;10.0;9.0;14.0;6.0;24.0;0;2.0;296.0;90
8/25/2014;72.0;68.0;63.0;56.0;55.0;54.0;73.0;63.0;53.0;29.96;29.89;29.85;10.0;10.0;10.0;18.0;11.0;24.0;0;5.0;265.0;158
3/8/2014;72.0;59.0;46.0;51.0;48.0;39.0;93.0;63.0;33.0;30.21;30.16;30.12;10.0;10.0;10.0;17.0;4.0;48.0;0;5.0;285.0;187
8/24/2014;74.0;67.0;59.0;56.0;55.0;54.0;84.0;69.0;53.0;29.92;29.87;29.82;10.0;10.0;10.0;21.0;11.0;23.0;0;4.0;291.0;180
3/9/2014;71.0;63.0;55.0;54.0;51.0;48.0;80.0;69.0;57.0;30.17;30.13;30.07;10.0;10.0;10.0;13.0;6.0;18.0;T;7.0;291.0;291
8/23/2014;75.0;68.0;60.0;56.0;55.0;53.0;78.0;64.0;49.0;29.97;29.91;29.86;10.0;10.0;10.0;16.0;9.0;20.0;0;3.0;269.0;252
3/10/2014;68.0;62.0;56.0;55.0;48.0;43.0;86.0;66.0;45.0;30.24;30.17;30.11;10.0;10.0;9.0;20.0;8.0;22.0;T;5.0;307.0;105
8/22/2014;75.0;69.0;62.0;59.0;57.0;55.0;90.0;74.0;57.0;29.95;29.93;29.91;10.0;10.0;10.0;21.0;8.0;28.0;0;5.0;273.0;168
3/11/2014;74.0;61.0;47.0;40.0;31.0;25.0;61.0;40.0;19.0;30.19;30.1;30.02;10.0;10.0;10.0;30.0;11.0;37.0;0;1.0;6.0;115
8/21/2014;75.0;68.0;61.0;59.0;57.0;56.0;84.0;71.0;57.0;29.97;29.94;29.91;10.0;10.0;10.0;20.0;8.0;23.0;0;4.0;298.0;119
3/12/2014;78.0;66.0;53.0;34.0;28.0;23.0;36.0;26.0;16.0;30.11;30.05;30.01;10.0;10.0;10.0;32.0;16.0;40.0;0;0.0;28.0;74
8/20/2014;73.0;68.0;62.0;57.0;56.0;55.0;84.0;71.0;57.0;29.94;29.9;29.86;10.0;10.0;10.0;18.0;10.0;28.0;0;5.0;263.0;143
3/13/2014;73.0;58.0;46.0;49.0;43.0;33.0;80.0;58.0;27.0;30.08;30.03;29.99;10.0;10.0;10.0;17.0;6.0;;0;1.0;270.0;145
8/19/2014;74.0;67.0;60.0;57.0;56.0;55.0;84.0;71.0;57.0;29.88;29.85;29.81;10.0;10.0;9.0;21.0;10.0;23.0;T;5.0;266.0;120
3/14/2014;67.0;60.0;53.0;52.0;49.0;46.0;83.0;68.0;52.0;30.23;30.15;30.08;10.0;10.0;10.0;13.0;7.0;21.0;0;4.0;248.0;148
8/18/2014;68.0;64.0;60.0;57.0;55.0;55.0;84.0;76.0;68.0;29.93;29.88;29.84;10.0;10.0;9.0;22.0;11.0;28.0;T;7.0;271.0;133
3/15/2014;77.0;62.0;47.0;52.0;48.0;41.0;93.0;63.0;33.0;30.31;30.27;30.23;10.0;10.0;10.0;14.0;6.0;16.0;0;0.0;293.0;282
8/17/2014;72.0;65.0;58.0;57.0;55.0;54.0;84.0;73.0;61.0;30.05;30.0;29.93;10.0;10.0;10.0;21.0;10.0;24.0;0;5.0;293.0;214
3/16/2014;72.0;60.0;48.0;52.0;48.0;46.0;89.0;68.0;47.0;30.32;30.27;30.21;10.0;10.0;10.0;21.0;8.0;23.0;0;3.0;292.0;255
8/16/2014;73.0;67.0;60.0;57.0;56.0;55.0;84.0;73.0;61.0;30.06;30.01;29.97;10.0;10.0;10.0;20.0;9.0;23.0;0;4.0;305.0;263
3/17/2014;69.0;59.0;49.0;49.0;46.0;43.0;77.0;60.0;42.0;30.24;30.11;29.99;10.0;10.0;10.0;22.0;11.0;29.0;T;3.0;291.0;115
8/15/2014;74.0;66.0;58.0;57.0;56.0;54.0;87.0;70.0;53.0;30.02;29.98;29.95;10.0;10.0;8.0;18.0;9.0;39.0;0;4.0;323.0;193
3/18/2014;70.0;57.0;43.0;45.0;39.0;31.0;86.0;55.0;24.0;29.99;29.95;29.91;10.0;10.0;10.0;17.0;5.0;22.0;0;1.0;290.0;117
8/14/2014;73.0;66.0;59.0;57.0;56.0;55.0;84.0;71.0;57.0;29.98;29.95;29.9;10.0;10.0;10.0;20.0;9.0;26.0;0;5.0;315.0;172
3/19/2014;73.0;59.0;45.0;48.0;40.0;34.0;77.0;52.0;27.0;30.09;30.04;29.98;10.0;10.0;10.0;14.0;6.0;26.0;0;2.0;316.0;168
8/13/2014;75.0;68.0;60.0;57.0;55.0;54.0;84.0;69.0;53.0;30.02;29.97;29.94;10.0;10.0;10.0;21.0;9.0;24.0;0;5.0;276.0;154
3/20/2014;70.0;60.0;50.0;51.0;45.0;41.0;77.0;61.0;44.0;30.06;30.02;29.96;10.0;10.0;10.0;18.0;8.0;;0;5.0;292.0;144
8/12/2014;74.0;68.0;61.0;56.0;55.0;53.0;78.0;66.0;53.0;30.0;29.96;29.93;10.0;10.0;10.0;20.0;10.0;31.0;0;6.0;275.0;191
3/21/2014;63.0;56.0;48.0;47.0;45.0;44.0;86.0;69.0;52.0;30.01;29.98;29.96;10.0;10.0;9.0;20.0;8.0;37.0;0;3.0;263.0;145
8/11/2014;73.0;67.0;61.0;57.0;56.0;55.0;84.0;69.0;53.0;29.97;29.94;29.9;10.0;10.0;10.0;18.0;9.0;22.0;0;4.0;305.0;149
3/22/2014;65.0;58.0;51.0;47.0;45.0;43.0;83.0;64.0;44.0;30.13;30.06;30.0;10.0;10.0;10.0;16.0;8.0;23.0;0;3.0;246.0;236
8/10/2014;73.0;67.0;60.0;56.0;55.0;54.0;84.0;71.0;57.0;30.02;29.98;29.94;10.0;10.0;10.0;22.0;9.0;36.0;T;6.0;262.0;280
3/23/2014;65.0;57.0;48.0;48.0;46.0;44.0;83.0;68.0;52.0;30.19;30.14;30.1;10.0;10.0;10.0;15.0;7.0;20.0;0;3.0;280.0;191
8/9/2014;67.0;63.0;59.0;55.0;54.0;53.0;80.0;74.0;67.0;30.0;29.96;29.91;10.0;10.0;9.0;21.0;12.0;31.0;T;6.0;255.0;179
3/24/2014;72.0;59.0;46.0;50.0;46.0;38.0;86.0;58.0;29.0;30.17;30.1;30.03;10.0;10.0;6.0;18.0;6.0;29.0;0;1.0;328.0;129
8/8/2014;73.0;66.0;58.0;55.0;54.0;52.0;84.0;69.0;53.0;29.94;29.92;29.88;10.0;9.0;7.0;20.0;11.0;28.0;0;3.0;274.0;213
3/25/2014;63.0;54.0;45.0;55.0;49.0;42.0;87.0;75.0;62.0;30.06;29.97;29.88;10.0;9.0;2.0;18.0;8.0;29.0;0.15;5.0;253.0;61
8/7/2014;69.0;65.0;60.0;56.0;55.0;54.0;84.0;73.0;61.0;29.99;29.96;29.92;10.0;10.0;8.0;18.0;7.0;29.0;0;5.0;291.0;155
3/26/2014;62.0;58.0;53.0;51.0;48.0;47.0;89.0;77.0;64.0;29.99;29.87;29.82;10.0;8.0;1.0;23.0;12.0;35.0;0.63;7.0;235.0;64
8/6/2014;78.0;69.0;60.0;61.0;59.0;55.0;87.0;71.0;54.0;30.03;30.0;29.96;10.0;10.0;10.0;20.0;8.0;36.0;T;6.0;299.0;147
3/27/2014;65.0;61.0;56.0;48.0;46.0;43.0;77.0;61.0;44.0;30.14;30.07;29.98;10.0;10.0;7.0;17.0;9.0;25.0;T;6.0;244.0;117
8/5/2014;74.0;68.0;62.0;59.0;57.0;55.0;84.0;71.0;57.0;30.08;30.03;30.01;10.0;10.0;10.0;20.0;7.0;26.0;T;7.0;294.0;144
3/28/2014;69.0;63.0;56.0;52.0;49.0;46.0;77.0;63.0;49.0;30.21;30.16;30.12;10.0;10.0;7.0;17.0;9.0;30.0;0.01;6.0;191.0;128
8/4/2014;73.0;67.0;61.0;56.0;55.0;54.0;84.0;71.0;57.0;30.01;29.98;29.94;10.0;10.0;10.0;17.0;10.0;21.0;0;7.0;281.0;98
3/29/2014;60.0;57.0;53.0;55.0;51.0;45.0;93.0;79.0;64.0;30.14;30.07;30.02;10.0;8.0;1.0;24.0;12.0;29.0;0.87;8.0;200.0;26
8/3/2014;69.0;65.0;61.0;56.0;55.0;54.0;84.0;72.0;59.0;29.98;29.95;29.93;10.0;10.0;10.0;18.0;11.0;29.0;0;7.0;274.0;172
3/30/2014;61.0;56.0;50.0;46.0;44.0;41.0;77.0;64.0;51.0;30.14;30.11;30.06;10.0;10.0;10.0;17.0;10.0;21.0;0;4.0;277.0;201
8/2/2014;68.0;64.0;60.0;56.0;55.0;54.0;84.0;76.0;67.0;29.97;29.94;29.91;10.0;10.0;9.0;18.0;10.0;23.0;0;6.0;293.0;158
3/31/2014;57.0;53.0;48.0;47.0;44.0;42.0;86.0;76.0;66.0;30.08;29.94;29.85;10.0;8.0;1.0;31.0;13.0;36.0;0.57;6.0;169.0;36
8/1/2014;72.0;65.0;58.0;59.0;56.0;54.0;90.0;74.0;57.0;29.94;29.91;29.88;10.0;9.0;7.0;18.0;9.0;22.0;0;3.0;305.0;174
4/1/2014;58.0;52.0;46.0;47.0;43.0;41.0;82.0;72.0;61.0;29.95;29.89;29.85;10.0;9.0;2.0;30.0;13.0;36.0;0.69;7.0;158.0;28
7/31/2014;71.0;65.0;59.0;57.0;56.0;55.0;87.0;72.0;57.0;30.0;29.95;29.89;10.0;10.0;9.0;17.0;9.0;22.0;0;5.0;307.0;211
4/2/2014;61.0;53.0;45.0;45.0;43.0;39.0;89.0;68.0;46.0;30.12;30.03;29.88;10.0;10.0;10.0;21.0;8.0;28.0;T;4.0;357.0;46
7/30/2014;73.0;66.0;59.0;57.0;56.0;55.0;84.0;71.0;57.0;30.02;29.99;29.95;10.0;10.0;10.0;21.0;11.0;24.0;0;4.0;305.0;212
4/3/2014;62.0;54.0;46.0;46.0;44.0;42.0;86.0;69.0;51.0;30.13;30.1;30.05;10.0;10.0;10.0;16.0;8.0;20.0;0;5.0;211.0;90
7/29/2014;76.0;68.0;60.0;58.0;56.0;55.0;84.0;67.0;50.0;30.06;30.03;29.99;10.0;10.0;10.0;20.0;11.0;22.0;0;2.0;303.0;170
4/4/2014;61.0;56.0;50.0;49.0;46.0;43.0;86.0;71.0;55.0;30.06;30.02;29.99;10.0;9.0;4.0;22.0;8.0;28.0;0.32;6.0;292.0;101
7/28/2014;72.0;67.0;61.0;57.0;56.0;55.0;84.0;71.0;57.0;30.06;30.03;29.99;10.0;10.0;10.0;21.0;10.0;24.0;0;6.0;316.0;130
4/5/2014;65.0;56.0;46.0;49.0;46.0;43.0;86.0;71.0;56.0;30.2;30.13;30.06;10.0;10.0;10.0;17.0;7.0;21.0;0;2.0;292.0;292
7/27/2014;78.0;70.0;61.0;58.0;57.0;56.0;84.0;67.0;50.0;30.0;29.96;29.93;10.0;10.0;9.0;23.0;11.0;25.0;0;4.0;307.0;216
4/6/2014;72.0;61.0;49.0;54.0;50.0;45.0;93.0;71.0;49.0;30.25;30.18;30.11;10.0;10.0;10.0;16.0;5.0;29.0;0;2.0;275.0;214
7/26/2014;77.0;69.0;61.0;58.0;56.0;55.0;78.0;66.0;53.0;29.96;29.92;29.88;10.0;10.0;9.0;21.0;11.0;23.0;0;2.0;310.0;258
4/7/2014;79.0;65.0;51.0;56.0;52.0;47.0;86.0;62.0;37.0;30.16;30.11;30.06;10.0;10.0;10.0;15.0;6.0;20.0;0;0.0;291.0;112
7/25/2014;90.0;75.0;60.0;59.0;56.0;45.0;84.0;53.0;22.0;29.89;29.86;29.83;10.0;10.0;8.0;18.0;8.0;22.0;0;0.0;293.0;176
4/8/2014;78.0;67.0;56.0;56.0;53.0;50.0;93.0;70.0;46.0;30.12;30.07;30.03;10.0;10.0;10.0;16.0;6.0;20.0;0;3.0;299.0;165
7/24/2014;83.0;73.0;62.0;59.0;57.0;54.0;84.0;63.0;42.0;30.05;29.96;29.85;10.0;10.0;10.0;17.0;7.0;20.0;0;2.0;284.0;133
4/9/2014;66.0;59.0;52.0;52.0;49.0;48.0;93.0;75.0;56.0;30.11;30.06;30.0;10.0;10.0;10.0;17.0;8.0;49.0;0;4.0;295.0;118
7/23/2014;76.0;70.0;63.0;60.0;58.0;56.0;78.0;68.0;57.0;30.15;30.1;30.05;10.0;10.0;10.0;20.0;9.0;23.0;0;4.0;266.0;163
4/10/2014;74.0;63.0;51.0;54.0;50.0;47.0;89.0;71.0;53.0;30.05;29.99;29.9;10.0;10.0;8.0;18.0;7.0;26.0;0;5.0;302.0;81
7/22/2014;76.0;70.0;63.0;58.0;57.0;55.0;78.0;64.0;50.0;30.12;30.07;30.04;10.0;10.0;10.0;21.0;10.0;30.0;0.01;5.0;276.0;133
4/11/2014;63.0;58.0;53.0;50.0;49.0;48.0;89.0;75.0;60.0;29.97;29.92;29.87;10.0;10.0;10.0;24.0;9.0;28.0;0;7.0;298.0;173
7/21/2014;74.0;69.0;63.0;60.0;58.0;56.0;78.0;68.0;57.0;30.07;30.03;29.98;10.0;10.0;10.0;20.0;11.0;22.0;0;5.0;293.0;121
4/12/2014;64.0;59.0;54.0;48.0;47.0;45.0;77.0;69.0;60.0;29.96;29.92;29.88;10.0;10.0;10.0;21.0;11.0;28.0;0;5.0;262.0;237
7/20/2014;73.0;68.0;62.0;59.0;58.0;57.0;84.0;73.0;61.0;30.0;29.97;29.93;10.0;10.0;10.0;20.0;11.0;25.0;0;6.0;297.0;234
4/13/2014;69.0;61.0;53.0;51.0;48.0;45.0;83.0;69.0;55.0;30.06;30.01;29.96;10.0;10.0;8.0;22.0;9.0;25.0;0;4.0;262.0;209
7/19/2014;72.0;67.0;62.0;58.0;56.0;55.0;84.0;71.0;57.0;29.97;29.96;29.94;10.0;10.0;10.0;20.0;10.0;24.0;0;6.0;293.0;238
4/14/2014;68.0;59.0;50.0;52.0;49.0;48.0;89.0;73.0;56.0;30.13;30.07;30.03;10.0;9.0;6.0;21.0;8.0;23.0;0;5.0;283.0;103
7/18/2014;71.0;67.0;63.0;57.0;56.0;55.0;84.0;73.0;61.0;30.03;29.99;29.95;10.0;10.0;10.0;20.0;12.0;23.0;0;6.0;276.0;160
4/15/2014;66.0;59.0;52.0;49.0;48.0;46.0;83.0;70.0;56.0;30.08;30.0;29.92;10.0;10.0;7.0;18.0;8.0;30.0;0;4.0;275.0;123
7/17/2014;73.0;68.0;63.0;57.0;56.0;55.0;78.0;68.0;57.0;30.02;29.99;29.97;10.0;10.0;10.0;21.0;13.0;24.0;0;4.0;275.0;122
4/16/2014;73.0;62.0;50.0;50.0;49.0;45.0;83.0;64.0;44.0;29.93;29.89;29.83;10.0;9.0;7.0;18.0;8.0;24.0;0;2.0;257.0;154
7/16/2014;74.0;68.0;62.0;59.0;57.0;56.0;90.0;74.0;57.0;30.04;30.0;29.98;10.0;10.0;10.0;23.0;14.0;28.0;0;6.0;285.0;92
4/17/2014;64.0;58.0;51.0;51.0;49.0;47.0;89.0;75.0;60.0;29.89;29.85;29.81;10.0;10.0;7.0;17.0;7.0;29.0;0;2.0;262.0;146
7/15/2014;77.0;68.0;59.0;61.0;58.0;55.0;90.0;73.0;56.0;30.01;29.97;29.92;10.0;10.0;10.0;20.0;11.0;23.0;0;6.0;321.0;137
4/18/2014;64.0;58.0;51.0;51.0;48.0;45.0;83.0;70.0;56.0;29.97;29.92;29.88;10.0;10.0;10.0;18.0;8.0;31.0;0;3.0;263.0;171
7/14/2014;76.0;67.0;57.0;58.0;55.0;52.0;87.0;70.0;53.0;29.94;29.9;29.86;10.0;10.0;9.0;24.0;9.0;30.0;0;3.0;310.0;108
4/19/2014;65.0;59.0;52.0;52.0;48.0;44.0;86.0;69.0;52.0;30.13;30.07;29.97;10.0;10.0;10.0;25.0;12.0;38.0;0;5.0;262.0;214
7/13/2014;71.0;65.0;58.0;56.0;54.0;53.0;86.0;74.0;61.0;30.05;29.99;29.89;10.0;9.0;6.0;16.0;8.0;21.0;T;6.0;280.0;226
4/20/2014;76.0;63.0;50.0;52.0;48.0;44.0;86.0;60.0;33.0;30.16;30.11;30.07;10.0;10.0;10.0;21.0;6.0;36.0;0;3.0;269.0;215
7/12/2014;70.0;64.0;58.0;55.0;54.0;53.0;80.0;69.0;57.0;30.1;30.07;30.04;10.0;10.0;6.0;23.0;12.0;25.0;T;5.0;273.0;249
4/21/2014;67.0;59.0;50.0;50.0;46.0;41.0;83.0;63.0;43.0;30.09;30.04;29.99;10.0;10.0;8.0;24.0;9.0;41.0;0;5.0;275.0;79
7/11/2014;72.0;67.0;61.0;56.0;54.0;52.0;84.0;69.0;53.0;30.08;30.01;29.94;10.0;10.0;10.0;22.0;13.0;25.0;0;5.0;262.0;138
4/22/2014;65.0;59.0;52.0;50.0;42.0;36.0;83.0;60.0;37.0;30.14;30.06;29.98;10.0;10.0;4.0;31.0;19.0;36.0;T;5.0;287.0;75
7/10/2014;73.0;67.0;60.0;56.0;55.0;54.0;84.0;71.0;57.0;29.95;29.92;29.88;10.0;10.0;10.0;18.0;9.0;22.0;0;4.0;270.0;106
4/23/2014;67.0;56.0;45.0;49.0;41.0;35.0;72.0;56.0;39.0;30.16;30.12;30.09;10.0;10.0;10.0;24.0;9.0;33.0;0;3.0;299.0;96
7/9/2014;71.0;64.0;57.0;56.0;55.0;54.0;93.0;77.0;61.0;29.96;29.91;29.87;10.0;10.0;10.0;20.0;8.0;23.0;0;4.0;314.0;130
4/24/2014;66.0;59.0;51.0;54.0;51.0;47.0;86.0;71.0;56.0;30.13;30.07;30.0;10.0;10.0;6.0;21.0;9.0;36.0;0.02;5.0;268.0;80
7/8/2014;68.0;63.0;57.0;55.0;54.0;54.0;93.0;78.0;63.0;29.93;29.91;29.86;10.0;10.0;10.0;18.0;9.0;28.0;0;5.0;311.0;85
4/25/2014;58.0;55.0;52.0;55.0;49.0;43.0;86.0;74.0;61.0;29.99;29.88;29.81;10.0;8.0;2.0;28.0;12.0;35.0;0.57;8.0;253.0;44
7/7/2014;70.0;62.0;54.0;55.0;54.0;52.0;93.0;76.0;59.0;29.94;29.9;29.85;10.0;10.0;10.0;23.0;9.0;35.0;0;7.0;314.0;104
4/26/2014;63.0;53.0;44.0;44.0;42.0;39.0;86.0;63.0;44.0;30.1;29.99;29.87;10.0;10.0;10.0;25.0;10.0;30.0;0;4.0;280.0;168
7/6/2014;70.0;62.0;53.0;53.0;52.0;51.0;93.0;73.0;53.0;30.07;30.01;29.95;10.0;10.0;10.0;21.0;10.0;25.0;0;3.0;296.0;184
4/27/2014;64.0;58.0;52.0;49.0;46.0;43.0;66.0;57.0;48.0;30.14;30.09;30.05;10.0;10.0;7.0;24.0;13.0;30.0;T;5.0;234.0;179
7/5/2014;72.0;63.0;53.0;54.0;53.0;51.0;93.0;73.0;53.0;30.09;30.04;30.02;10.0;10.0;10.0;18.0;7.0;32.0;0;3.0;299.0;224
4/28/2014;71.0;59.0;47.0;49.0;46.0;43.0;93.0;67.0;40.0;30.23;30.19;30.15;10.0;10.0;8.0;20.0;7.0;28.0;0;1.0;287.0;111
7/4/2014;67.0;61.0;54.0;54.0;52.0;51.0;93.0;76.0;58.0;30.02;29.97;29.91;10.0;10.0;9.0;21.0;9.0;24.0;0;4.0;320.0;260
4/29/2014;83.0;67.0;50.0;56.0;47.0;43.0;80.0;52.0;24.0;30.21;30.14;30.05;10.0;10.0;10.0;13.0;4.0;17.0;0;2.0;254.0;134
7/3/2014;69.0;62.0;54.0;54.0;52.0;52.0;86.0;71.0;55.0;29.96;29.92;29.9;10.0;10.0;10.0;18.0;10.0;25.0;0;3.0;264.0;192
4/30/2014;89.0;73.0;57.0;56.0;50.0;42.0;80.0;53.0;25.0;30.09;30.05;30.0;10.0;10.0;10.0;13.0;5.0;20.0;0;2.0;280.0;125
7/2/2014;70.0;64.0;57.0;55.0;54.0;53.0;86.0;72.0;57.0;29.92;29.88;29.85;10.0;10.0;10.0;21.0;11.0;23.0;0;6.0;265.0;141
5/1/2014;85.0;71.0;57.0;54.0;46.0;34.0;72.0;45.0;17.0;30.09;30.07;30.03;10.0;10.0;10.0;20.0;6.0;23.0;0;2.0;290.0;123
7/1/2014;72.0;64.0;56.0;55.0;54.0;53.0;93.0;73.0;53.0;29.87;29.83;29.8;10.0;10.0;10.0;21.0;10.0;29.0;0;5.0;316.0;99
5/2/2014;72.0;63.0;53.0;56.0;52.0;50.0;93.0;71.0;49.0;30.1;30.06;30.02;10.0;10.0;10.0;21.0;8.0;28.0;0;5.0;282.0;103
6/30/2014;82.0;70.0;57.0;57.0;54.0;52.0;84.0;63.0;42.0;29.84;29.82;29.79;10.0;10.0;8.0;20.0;9.0;35.0;0;3.0;304.0;143
5/3/2014;67.0;61.0;54.0;52.0;50.0;48.0;86.0;69.0;52.0;30.06;30.04;30.0;10.0;10.0;10.0;29.0;16.0;;0;6.0;262.0;201
6/29/2014;80.0;67.0;54.0;55.0;52.0;50.0;87.0;62.0;37.0;29.95;29.9;29.83;10.0;10.0;10.0;18.0;8.0;22.0;0;0.0;276.0;226
5/4/2014;68.0;63.0;57.0;51.0;51.0;49.0;80.0;66.0;52.0;30.07;30.04;30.02;10.0;10.0;10.0;22.0;15.0;25.0;0;5.0;270.0;200
6/28/2014;72.0;65.0;57.0;55.0;54.0;52.0;87.0;72.0;57.0;29.98;29.95;29.91;10.0;10.0;10.0;20.0;9.0;25.0;0;3.0;253.0;234
5/5/2014;67.0;61.0;55.0;51.0;47.0;43.0;80.0;64.0;48.0;30.06;30.02;29.96;10.0;10.0;10.0;30.0;17.0;36.0;0;4.0;276.0;141
6/27/2014;71.0;64.0;57.0;59.0;56.0;53.0;86.0;76.0;66.0;30.01;29.98;29.94;10.0;10.0;10.0;21.0;9.0;29.0;0;5.0;261.0;153
5/6/2014;69.0;61.0;52.0;49.0;45.0;41.0;72.0;58.0;44.0;29.95;29.92;29.88;10.0;10.0;10.0;25.0;11.0;32.0;0;1.0;275.0;92
6/26/2014;70.0;65.0;59.0;57.0;55.0;53.0;90.0;74.0;57.0;30.01;29.99;29.97;10.0;10.0;7.0;18.0;12.0;32.0;T;5.0;261.0;162
5/7/2014;64.0;58.0;51.0;48.0;46.0;43.0;83.0;64.0;44.0;30.01;29.95;29.89;10.0;10.0;10.0;23.0;12.0;93.0;0;4.0;218.0;112
6/25/2014;68.0;63.0;57.0;58.0;55.0;53.0;90.0;79.0;68.0;30.02;29.99;29.97;10.0;10.0;8.0;21.0;13.0;33.0;T;7.0;263.0;107
5/8/2014;65.0;60.0;54.0;56.0;50.0;45.0;84.0;73.0;62.0;30.1;30.06;30.01;10.0;10.0;6.0;18.0;10.0;23.0;T;7.0;246.0;102
6/24/2014;70.0;62.0;54.0;55.0;52.0;48.0;83.0;71.0;58.0;30.02;29.98;29.96;10.0;10.0;10.0;21.0;10.0;26.0;0;3.0;269.0;138
5/9/2014;69.0;62.0;55.0;54.0;50.0;44.0;86.0;64.0;42.0;30.17;30.13;30.1;10.0;10.0;7.0;29.0;16.0;35.0;T;5.0;272.0;135
6/23/2014;70.0;63.0;55.0;52.0;50.0;47.0;83.0;67.0;51.0;29.97;29.95;29.93;10.0;10.0;10.0;20.0;9.0;29.0;0;5.0;252.0;98
5/10/2014;70.0;61.0;51.0;46.0;44.0;38.0;72.0;53.0;34.0;30.14;30.09;30.03;10.0;10.0;10.0;26.0;12.0;30.0;0;2.0;289.0;223
6/22/2014;66.0;60.0;54.0;50.0;49.0;48.0;77.0;67.0;56.0;29.97;29.94;29.9;10.0;10.0;10.0;25.0;12.0;30.0;0;4.0;249.0;218
5/11/2014;77.0;65.0;53.0;48.0;41.0;32.0;67.0;45.0;23.0;30.1;30.07;30.02;10.0;10.0;10.0;25.0;10.0;32.0;0;1.0;303.0;185
6/21/2014;65.0;59.0;53.0;50.0;49.0;48.0;83.0;70.0;56.0;29.95;29.93;29.91;10.0;10.0;10.0;20.0;8.0;23.0;0;5.0;276.0;166
5/12/2014;82.0;66.0;50.0;52.0;46.0;38.0;77.0;50.0;23.0;30.12;30.08;30.04;10.0;10.0;10.0;15.0;6.0;31.0;0;2.0;299.0;114
6/20/2014;74.0;64.0;54.0;54.0;52.0;49.0;86.0;66.0;46.0;30.0;29.97;29.94;10.0;10.0;10.0;22.0;10.0;24.0;0;4.0;250.0;137
5/13/2014;91.0;74.0;56.0;51.0;44.0;35.0;67.0;43.0;19.0;30.13;30.1;30.07;10.0;10.0;10.0;15.0;5.0;21.0;0;1.0;283.0;115
6/19/2014;70.0;61.0;52.0;52.0;50.0;48.0;86.0;70.0;53.0;30.01;29.98;29.95;10.0;10.0;9.0;22.0;9.0;32.0;0;2.0;302.0;123
5/14/2014;90.0;75.0;59.0;53.0;46.0;38.0;67.0;43.0;18.0;30.13;30.09;30.04;10.0;10.0;10.0;15.0;6.0;17.0;0;2.0;291.0;133
6/18/2014;82.0;68.0;53.0;52.0;49.0;46.0;77.0;53.0;28.0;29.96;29.94;29.91;10.0;10.0;10.0;21.0;7.0;23.0;0;0.0;280.0;160
5/15/2014;83.0;70.0;57.0;50.0;47.0;41.0;69.0;47.0;25.0;30.1;30.08;30.05;10.0;10.0;10.0;20.0;6.0;21.0;0;3.0;280.0;141
6/17/2014;73.0;62.0;50.0;50.0;47.0;43.0;77.0;56.0;35.0;29.97;29.93;29.9;10.0;10.0;10.0;21.0;7.0;23.0;0;1.0;246.0;96
5/16/2014;70.0;63.0;55.0;52.0;51.0;49.0;83.0;65.0;47.0;30.1;30.06;30.0;10.0;10.0;10.0;22.0;12.0;25.0;0;5.0;266.0;211
6/16/2014;65.0;61.0;56.0;50.0;48.0;46.0;83.0;70.0;56.0;29.94;29.9;29.85;10.0;10.0;10.0;22.0;14.0;26.0;0;5.0;248.0;115
5/17/2014;67.0;61.0;55.0;52.0;51.0;50.0;86.0;71.0;56.0;30.03;30.0;29.97;10.0;10.0;10.0;22.0;13.0;29.0;0;6.0;261.0;234
6/15/2014;68.0;61.0;54.0;52.0;50.0;48.0;80.0;66.0;52.0;29.86;29.83;29.81;10.0;10.0;8.0;24.0;13.0;26.0;0;5.0;248.0;214
5/18/2014;70.0;63.0;56.0;54.0;50.0;46.0;80.0;64.0;47.0;30.0;29.98;29.95;10.0;10.0;10.0;29.0;16.0;33.0;0;3.0;276.0;214
6/14/2014;80.0;67.0;53.0;54.0;50.0;48.0;89.0;63.0;36.0;29.95;29.9;29.85;10.0;10.0;10.0;23.0;9.0;25.0;0;2.0;282.0;201
5/19/2014;68.0;62.0;56.0;51.0;49.0;48.0;77.0;65.0;52.0;29.98;29.96;29.93;10.0;10.0;10.0;28.0;16.0;32.0;0;5.0;273.0;169
6/13/2014;72.0;64.0;55.0;53.0;51.0;48.0;83.0;65.0;47.0;29.99;29.96;29.93;10.0;10.0;10.0;17.0;8.0;23.0;0;2.0;238.0;117
5/20/2014;70.0;63.0;55.0;52.0;49.0;47.0;80.0;64.0;47.0;30.01;29.98;29.94;10.0;10.0;10.0;22.0;11.0;25.0;0;5.0;262.0;109
6/12/2014;66.0;61.0;55.0;52.0;49.0;48.0;80.0;68.0;56.0;30.01;29.96;29.91;10.0;10.0;10.0;21.0;14.0;25.0;0;5.0;257.0;114
5/21/2014;70.0;63.0;55.0;52.0;50.0;48.0;83.0;68.0;53.0;29.99;29.97;29.93;10.0;10.0;9.0;22.0;11.0;24.0;0;5.0;247.0;111
6/11/2014;70.0;64.0;58.0;55.0;53.0;51.0;78.0;66.0;53.0;29.92;29.86;29.82;10.0;10.0;10.0;23.0;12.0;31.0;0;5.0;258.0;113
5/22/2014;69.0;62.0;54.0;52.0;50.0;48.0;89.0;72.0;55.0;30.05;29.98;29.94;10.0;10.0;10.0;18.0;11.0;22.0;0;6.0;275.0;142
6/10/2014;68.0;63.0;57.0;55.0;54.0;52.0;86.0;73.0;59.0;29.84;29.78;29.73;10.0;10.0;9.0;23.0;10.0;28.0;0;4.0;318.0;146
5/23/2014;68.0;61.0;54.0;52.0;51.0;48.0;86.0;72.0;58.0;30.05;30.01;29.96;10.0;10.0;10.0;22.0;10.0;28.0;0;6.0;272.0;169
6/9/2014;78.0;68.0;58.0;56.0;54.0;53.0;80.0;67.0;53.0;29.76;29.73;29.7;10.0;9.0;7.0;22.0;10.0;25.0;0;1.0;305.0;128
5/24/2014;67.0;61.0;55.0;52.0;51.0;48.0;86.0;71.0;56.0;30.02;29.99;29.95;10.0;10.0;10.0;20.0;10.0;26.0;0;3.0;265.0;243
6/8/2014;86.0;70.0;53.0;56.0;53.0;49.0;89.0;61.0;32.0;29.83;29.78;29.72;10.0;9.0;7.0;18.0;7.0;23.0;0;0.0;304.0;272
5/25/2014;73.0;65.0;56.0;52.0;49.0;48.0;77.0;61.0;44.0;30.0;29.96;29.92;10.0;10.0;10.0;17.0;8.0;20.0;0;1.0;242.0;343
6/7/2014;70.0;63.0;56.0;53.0;51.0;50.0;86.0;71.0;55.0;29.86;29.83;29.79;10.0;9.0;7.0;18.0;8.0;23.0;0;3.0;297.0;200
5/26/2014;73.0;62.0;51.0;54.0;51.0;47.0;89.0;71.0;53.0;30.03;30.0;29.96;10.0;10.0;9.0;20.0;8.0;23.0;T;0.0;258.0;272
6/6/2014;68.0;61.0;53.0;52.0;51.0;50.0;89.0;74.0;58.0;29.86;29.83;29.81;10.0;10.0;8.0;21.0;10.0;24.0;0;3.0;320.0;182
5/27/2014;68.0;61.0;54.0;49.0;48.0;45.0;83.0;64.0;45.0;30.07;30.03;29.99;10.0;10.0;10.0;18.0;8.0;24.0;0;1.0;264.0;128
6/5/2014;67.0;60.0;52.0;52.0;51.0;48.0;89.0;74.0;58.0;29.88;29.85;29.81;10.0;9.0;6.0;21.0;11.0;25.0;0;3.0;314.0;124
5/28/2014;74.0;62.0;49.0;50.0;45.0;36.0;83.0;57.0;30.0;30.07;30.02;29.96;10.0;10.0;10.0;22.0;9.0;26.0;0;0.0;287.0;181
6/4/2014;70.0;61.0;52.0;52.0;51.0;48.0;89.0;71.0;53.0;29.92;29.89;29.84;10.0;10.0;6.0;20.0;8.0;21.0;0;4.0;288.0;185
5/29/2014;77.0;64.0;51.0;53.0;47.0;40.0;83.0;55.0;27.0;29.96;29.94;29.91;10.0;10.0;10.0;20.0;8.0;23.0;0;1.0;267.0;133
6/3/2014;67.0;60.0;52.0;50.0;49.0;48.0;83.0;68.0;52.0;29.96;29.92;29.88;10.0;10.0;10.0;20.0;11.0;;0;4.0;278.0;151
5/30/2014;64.0;59.0;53.0;49.0;48.0;47.0;83.0;70.0;56.0;29.99;29.96;29.92;10.0;10.0;9.0;20.0;12.0;24.0;0;6.0;262.0;126
6/2/2014;67.0;60.0;52.0;51.0;49.0;48.0;89.0;73.0;56.0;29.92;29.89;29.84;10.0;10.0;10.0;23.0;11.0;44.0;0;6.0;259.0;130
5/31/2014;69.0;61.0;53.0;52.0;49.0;48.0;89.0;71.0;53.0;29.98;29.96;29.92;10.0;10.0;10.0;18.0;10.0;22.0;T;4.0;256.0;220
6/1/2014;72.0;62.0;51.0;52.0;50.0;48.0;93.0;71.0;49.0;29.94;29.89;29.81;10.0;9.0;5.0;17.0;9.0;32.0;0;3.0;305.0;279
9/1/2014;83.0;70.0;57.0;58.0;56.0;52.0;86.0;64.0;42.0;29.86;29.82;29.76;10.0;10.0;8.0;16.0;7.0;20.0;0;0.0;290.0;207
8/31/2015;78.0;69.0;60.0;58.0;57.0;54.0;84.0;67.0;50.0;29.95;29.91;29.87;10.0;10.0;9.0;18.0;9.0;21.0;0;1.0;246.0;87
9/2/2014;72.0;66.0;60.0;58.0;57.0;55.0;84.0;73.0;61.0;29.87;29.82;29.79;10.0;10.0;7.0;21.0;8.0;;0;5.0;290.0;95
8/30/2015;78.0;70.0;61.0;60.0;59.0;56.0;87.0;69.0;50.0;30.06;30.01;29.94;10.0;10.0;10.0;20.0;11.0;22.0;0;3.0;276.0;174
9/3/2014;76.0;69.0;61.0;57.0;56.0;55.0;84.0;69.0;53.0;29.81;29.76;29.72;10.0;10.0;10.0;21.0;8.0;24.0;0;4.0;276.0;90
8/29/2015;76.0;71.0;65.0;66.0;62.0;57.0;87.0;73.0;58.0;30.01;29.98;29.93;10.0;9.0;3.0;21.0;11.0;25.0;T;6.0;260.0;151
9/4/2014;74.0;68.0;61.0;57.0;57.0;56.0;84.0;71.0;57.0;29.81;29.76;29.72;10.0;10.0;8.0;22.0;8.0;25.0;0;5.0;301.0;108
8/28/2015;91.0;77.0;62.0;62.0;58.0;53.0;87.0;60.0;32.0;29.96;29.9;29.86;10.0;10.0;10.0;24.0;8.0;28.0;0;4.0;291.0;118
9/5/2014;72.0;66.0;60.0;57.0;56.0;54.0;84.0;71.0;57.0;29.92;29.87;29.81;10.0;9.0;7.0;18.0;8.0;32.0;0;4.0;309.0;108
8/27/2015;84.0;72.0;59.0;58.0;55.0;46.0;84.0;57.0;30.0;30.06;30.01;29.95;10.0;10.0;10.0;17.0;6.0;29.0;0;2.0;272.0;136
9/6/2014;72.0;66.0;60.0;55.0;54.0;52.0;84.0;69.0;53.0;29.98;29.93;29.89;10.0;9.0;7.0;17.0;9.0;30.0;0;4.0;290.0;218
8/26/2015;79.0;69.0;58.0;58.0;56.0;52.0;87.0;65.0;43.0;30.04;30.0;29.97;10.0;9.0;6.0;16.0;6.0;21.0;0;4.0;296.0;123
9/7/2014;72.0;66.0;60.0;54.0;53.0;45.0;78.0;66.0;53.0;29.92;29.87;29.82;10.0;10.0;10.0;18.0;10.0;28.0;0;3.0;293.0;174
8/25/2015;74.0;67.0;60.0;57.0;56.0;54.0;84.0;69.0;53.0;30.03;29.99;29.94;10.0;9.0;6.0;18.0;10.0;23.0;0;4.0;290.0;107
9/8/2014;68.0;64.0;59.0;52.0;51.0;50.0;72.0;64.0;55.0;29.96;29.9;29.86;10.0;10.0;10.0;18.0;12.0;22.0;0;4.0;272.0;112
8/24/2015;75.0;68.0;61.0;57.0;55.0;54.0;84.0;69.0;53.0;30.06;30.02;29.97;10.0;10.0;7.0;17.0;10.0;22.0;0;4.0;281.0;69
9/9/2014;72.0;65.0;57.0;56.0;53.0;52.0;87.0;72.0;57.0;30.01;29.96;29.91;10.0;10.0;10.0;17.0;7.0;21.0;0;5.0;270.0;113
8/23/2015;73.0;67.0;61.0;56.0;55.0;54.0;78.0;68.0;57.0;30.03;29.99;29.94;10.0;10.0;10.0;17.0;10.0;21.0;0;7.0;277.0;148
9/10/2014;82.0;68.0;54.0;59.0;56.0;51.0;93.0;66.0;39.0;29.96;29.9;29.83;10.0;9.0;5.0;16.0;5.0;20.0;0;1.0;283.0;126
8/22/2015;75.0;68.0;61.0;58.0;56.0;55.0;78.0;66.0;53.0;29.95;29.92;29.88;10.0;10.0;10.0;22.0;8.0;25.0;0;5.0;257.0;257
9/11/2014;83.0;70.0;57.0;59.0;57.0;50.0;90.0;62.0;33.0;29.91;29.87;29.82;10.0;8.0;2.0;20.0;7.0;22.0;0;2.0;312.0;154
8/21/2015;69.0;66.0;62.0;57.0;56.0;55.0;78.0;70.0;61.0;29.91;29.88;29.85;10.0;10.0;10.0;21.0;11.0;23.0;0;6.0;262.0;114
9/12/2014;77.0;67.0;57.0;59.0;56.0;54.0;87.0;69.0;50.0;29.91;29.85;29.8;10.0;9.0;6.0;15.0;8.0;23.0;0;1.0;299.0;169
8/20/2015;70.0;66.0;62.0;57.0;55.0;53.0;84.0;71.0;57.0;29.94;29.9;29.86;10.0;10.0;10.0;20.0;12.0;24.0;0;6.0;270.0;125
9/13/2014;75.0;67.0;59.0;59.0;57.0;55.0;84.0;71.0;57.0;29.87;29.83;29.78;10.0;10.0;9.0;22.0;8.0;33.0;0;4.0;306.0;326
8/19/2015;74.0;69.0;63.0;57.0;56.0;54.0;78.0;66.0;53.0;29.96;29.93;29.9;10.0;9.0;7.0;20.0;11.0;23.0;0;6.0;273.0;83
9/14/2014;74.0;67.0;60.0;57.0;56.0;55.0;84.0;69.0;53.0;29.87;29.84;29.81;10.0;10.0;9.0;18.0;8.0;28.0;0;2.0;295.0;241
8/18/2015;75.0;68.0;61.0;58.0;57.0;55.0;90.0;72.0;54.0;29.95;29.91;29.88;10.0;8.0;4.0;18.0;10.0;22.0;0;4.0;310.0;88
9/15/2014;77.0;70.0;62.0;58.0;56.0;53.0;84.0;64.0;43.0;29.94;29.9;29.85;10.0;10.0;10.0;18.0;9.0;49.0;0;3.0;281.0;155
8/17/2015;80.0;70.0;59.0;60.0;58.0;56.0;90.0;69.0;48.0;29.91;29.86;29.82;9.0;7.0;6.0;21.0;10.0;24.0;0;1.0;308.0;113
9/16/2014;78.0;68.0;58.0;60.0;57.0;54.0;87.0;67.0;47.0;29.95;29.89;29.81;10.0;10.0;8.0;18.0;7.0;21.0;0;4.0;276.0;106
8/16/2015;93.0;77.0;61.0;61.0;57.0;47.0;84.0;56.0;27.0;29.91;29.86;29.81;10.0;7.0;4.0;16.0;5.0;20.0;0;5.0;297.0;241
9/17/2014;77.0;69.0;61.0;64.0;58.0;55.0;84.0;67.0;50.0;29.83;29.8;29.75;10.0;10.0;9.0;21.0;9.0;29.0;T;5.0;267.0;135
8/15/2015;92.0;75.0;57.0;61.0;56.0;50.0;86.0;56.0;26.0;30.0;29.95;29.88;10.0;8.0;2.0;15.0;5.0;21.0;0;3.0;306.0;252
9/18/2014;78.0;70.0;61.0;65.0;62.0;58.0;87.0;71.0;54.0;29.9;29.84;29.78;10.0;10.0;6.0;20.0;9.0;29.0;T;5.0;242.0;80
8/14/2015;76.0;69.0;61.0;60.0;58.0;57.0;87.0;71.0;54.0;30.09;30.04;29.99;10.0;10.0;10.0;17.0;9.0;21.0;0;4.0;264.0;157
9/19/2014;73.0;66.0;59.0;61.0;60.0;59.0;93.0;79.0;64.0;29.93;29.9;29.86;10.0;10.0;8.0;23.0;7.0;31.0;0;5.0;295.0;119
8/13/2015;76.0;70.0;64.0;61.0;59.0;56.0;87.0;70.0;53.0;30.07;30.04;30.0;10.0;10.0;10.0;20.0;10.0;24.0;0;4.0;278.0;196
9/20/2014;71.0;67.0;63.0;60.0;59.0;57.0;90.0;79.0;68.0;29.95;29.92;29.89;10.0;10.0;10.0;20.0;9.0;23.0;0;6.0;296.0;174
8/12/2015;78.0;67.0;55.0;61.0;57.0;50.0;93.0;67.0;41.0;30.08;30.03;29.98;10.0;10.0;10.0;18.0;9.0;22.0;0;2.0;285.0;135
9/21/2014;69.0;67.0;64.0;59.0;58.0;57.0;78.0;72.0;66.0;30.02;29.99;29.94;10.0;10.0;10.0;22.0;11.0;28.0;0;8.0;269.0;120
8/11/2015;73.0;67.0;61.0;58.0;56.0;55.0;84.0;69.0;53.0;29.99;29.94;29.91;10.0;10.0;10.0;21.0;11.0;24.0;0;5.0;258.0;139
9/22/2014;75.0;69.0;63.0;58.0;57.0;55.0;78.0;66.0;53.0;30.04;30.0;29.96;10.0;10.0;10.0;18.0;9.0;21.0;0;4.0;277.0;135
8/10/2015;73.0;67.0;60.0;60.0;57.0;54.0;84.0;73.0;61.0;29.98;29.94;29.9;10.0;10.0;10.0;22.0;13.0;25.0;0;6.0;262.0;95
9/23/2014;75.0;69.0;63.0;63.0;59.0;57.0;87.0;76.0;64.0;30.02;29.97;29.93;10.0;10.0;7.0;18.0;8.0;23.0;T;5.0;276.0;91
8/9/2015;72.0;66.0;59.0;59.0;57.0;55.0;90.0;76.0;61.0;29.97;29.94;29.91;10.0;10.0;10.0;21.0;11.0;28.0;0;6.0;251.0;122
9/24/2014;77.0;71.0;65.0;63.0;62.0;60.0;87.0;74.0;60.0;29.97;29.94;29.89;10.0;9.0;5.0;20.0;9.0;26.0;0.01;6.0;267.0;78
8/8/2015;70.0;66.0;62.0;57.0;56.0;55.0;84.0;73.0;61.0;29.96;29.94;29.91;10.0;10.0;10.0;18.0;11.0;25.0;0;6.0;261.0;247
9/25/2014;72.0;65.0;58.0;59.0;57.0;56.0;100.0;79.0;57.0;30.02;29.96;29.91;10.0;8.0;2.0;21.0;6.0;24.0;0.43;6.0;288.0;109
8/7/2015;77.0;69.0;61.0;57.0;56.0;54.0;84.0;69.0;53.0;29.91;29.88;29.84;10.0;10.0;10.0;22.0;10.0;24.0;0;4.0;271.0;172
9/26/2014;73.0;67.0;60.0;59.0;57.0;54.0;90.0;72.0;53.0;30.01;29.96;29.9;10.0;10.0;10.0;25.0;9.0;29.0;0;4.0;290.0;114
8/6/2015;72.0;65.0;58.0;58.0;57.0;54.0;93.0;77.0;61.0;29.93;29.87;29.8;10.0;10.0;7.0;21.0;8.0;24.0;T;5.0;309.0;136
9/27/2014;71.0;63.0;55.0;59.0;56.0;52.0;93.0;75.0;57.0;29.94;29.89;29.84;10.0;10.0;10.0;18.0;9.0;24.0;0;3.0;248.0;232
8/5/2015;77.0;67.0;57.0;59.0;56.0;54.0;84.0;69.0;54.0;30.06;30.0;29.92;10.0;10.0;10.0;20.0;8.0;22.0;0;3.0;278.0;151
9/28/2014;72.0;67.0;61.0;57.0;56.0;55.0;84.0;73.0;61.0;29.96;29.89;29.83;10.0;10.0;10.0;15.0;7.0;17.0;0;6.0;219.0;177
8/4/2015;75.0;69.0;62.0;57.0;54.0;52.0;78.0;62.0;46.0;30.02;29.99;29.96;10.0;10.0;10.0;18.0;10.0;22.0;0;5.0;269.0;145
9/29/2014;69.0;63.0;57.0;57.0;56.0;55.0;90.0;77.0;63.0;30.05;29.99;29.96;10.0;10.0;8.0;20.0;8.0;28.0;0;5.0;278.0;73
8/3/2015;75.0;70.0;64.0;57.0;54.0;53.0;78.0;64.0;49.0;29.99;29.96;29.93;10.0;10.0;10.0;22.0;14.0;25.0;0;5.0;267.0;108
9/30/2014;73.0;65.0;57.0;58.0;57.0;54.0;90.0;74.0;57.0;30.05;29.95;29.85;10.0;10.0;9.0;16.0;7.0;18.0;0;4.0;253.0;87
8/2/2015;73.0;68.0;63.0;57.0;56.0;55.0;84.0;71.0;57.0;30.0;29.95;29.91;10.0;10.0;8.0;20.0;12.0;23.0;0;6.0;265.0;158
10/1/2014;83.0;68.0;53.0;60.0;51.0;40.0;93.0;58.0;22.0;29.98;29.9;29.85;10.0;10.0;8.0;15.0;4.0;31.0;0;1.0;283.0;115
8/1/2015;75.0;69.0;62.0;60.0;57.0;55.0;78.0;68.0;57.0;30.03;29.98;29.94;10.0;10.0;10.0;20.0;12.0;24.0;0;5.0;276.0;249
10/2/2014;87.0;70.0;52.0;61.0;48.0;42.0;72.0;51.0;29.0;30.04;29.99;29.94;10.0;10.0;9.0;14.0;6.0;18.0;0;0.0;309.0;153
7/31/2015;72.0;67.0;61.0;59.0;57.0;57.0;90.0;78.0;66.0;30.04;30.01;29.97;10.0;10.0;10.0;20.0;11.0;23.0;0;6.0;281.0;159
10/3/2014;89.0;72.0;55.0;59.0;49.0;42.0;72.0;47.0;21.0;30.1;30.04;29.99;10.0;10.0;10.0;15.0;5.0;20.0;0;0.0;289.0;117
7/30/2015;75.0;68.0;61.0;59.0;58.0;57.0;90.0;74.0;57.0;30.06;30.01;29.97;10.0;10.0;10.0;21.0;11.0;24.0;0;5.0;301.0;102
10/4/2014;92.0;74.0;55.0;55.0;46.0;40.0;73.0;46.0;19.0;30.04;29.99;29.92;10.0;10.0;10.0;14.0;4.0;17.0;0;1.0;323.0;209
7/29/2015;79.0;70.0;60.0;59.0;58.0;56.0;90.0;69.0;48.0;29.96;29.91;29.86;10.0;10.0;7.0;18.0;10.0;23.0;0;0.0;316.0;154
10/5/2014;88.0;71.0;53.0;57.0;52.0;45.0;84.0;55.0;26.0;29.97;29.92;29.87;10.0;10.0;10.0;15.0;5.0;35.0;0;1.0;317.0;173
7/28/2015;87.0;72.0;56.0;59.0;55.0;52.0;86.0;62.0;37.0;29.9;29.87;29.83;10.0;10.0;7.0;18.0;6.0;21.0;0;0.0;291.0;182
10/6/2014;83.0;68.0;52.0;60.0;55.0;50.0;93.0;65.0;36.0;29.94;29.9;29.84;10.0;10.0;7.0;15.0;6.0;62.0;0;1.0;298.0;78
7/27/2015;81.0;69.0;56.0;58.0;54.0;52.0;86.0;61.0;36.0;29.97;29.93;29.89;10.0;10.0;7.0;21.0;9.0;25.0;0;0.0;287.0;108
10/7/2014;73.0;62.0;51.0;58.0;54.0;50.0;96.0;77.0;57.0;29.95;29.9;29.86;10.0;9.0;2.0;18.0;7.0;21.0;0;2.0;296.0;107
7/26/2015;71.0;65.0;58.0;57.0;55.0;53.0;84.0;71.0;57.0;29.98;29.95;29.92;10.0;10.0;9.0;18.0;9.0;24.0;0;4.0;253.0;259
10/8/2014;75.0;64.0;52.0;59.0;55.0;51.0;93.0;73.0;53.0;29.93;29.89;29.85;10.0;9.0;7.0;16.0;5.0;17.0;0;1.0;310.0;59
7/25/2015;70.0;65.0;60.0;56.0;55.0;54.0;84.0;73.0;61.0;30.12;30.07;29.99;10.0;10.0;10.0;21.0;10.0;29.0;0;6.0;267.0;205
10/9/2014;66.0;62.0;57.0;56.0;55.0;53.0;93.0;80.0;67.0;30.01;29.96;29.92;10.0;10.0;10.0;17.0;9.0;20.0;0;4.0;288.0;85
7/24/2015;74.0;67.0;59.0;56.0;54.0;53.0;78.0;64.0;49.0;30.13;30.09;30.05;10.0;10.0;10.0;21.0;11.0;23.0;0;4.0;266.0;186
10/10/2014;66.0;61.0;56.0;55.0;54.0;52.0;93.0;80.0;67.0;30.08;30.03;30.0;10.0;10.0;10.0;18.0;9.0;28.0;0;6.0;273.0;167
7/23/2015;69.0;65.0;60.0;55.0;54.0;53.0;78.0;68.0;57.0;30.05;30.0;29.92;10.0;10.0;7.0;21.0;13.0;25.0;0;5.0;250.0;120
10/11/2014;73.0;64.0;55.0;57.0;54.0;52.0;93.0;71.0;49.0;30.08;30.02;29.97;10.0;10.0;9.0;13.0;6.0;15.0;0;4.0;265.0;275
7/22/2015;69.0;65.0;60.0;56.0;55.0;53.0;84.0;72.0;59.0;29.91;29.88;29.83;10.0;10.0;7.0;22.0;14.0;26.0;0;6.0;252.0;106
10/12/2014;86.0;69.0;51.0;62.0;51.0;31.0;93.0;53.0;13.0;29.99;29.95;29.89;10.0;10.0;10.0;13.0;4.0;18.0;0;0.0;284.0;219
7/21/2015;70.0;65.0;60.0;57.0;56.0;55.0;90.0;76.0;61.0;29.96;29.91;29.86;10.0;10.0;7.0;20.0;11.0;23.0;0;6.0;268.0;100
10/13/2014;83.0;67.0;50.0;56.0;46.0;34.0;87.0;53.0;19.0;29.97;29.93;29.91;10.0;10.0;8.0;17.0;6.0;33.0;0;1.0;347.0;100
7/20/2015;79.0;71.0;62.0;62.0;58.0;56.0;78.0;65.0;52.0;30.02;29.99;29.94;10.0;10.0;10.0;18.0;9.0;21.0;0;3.0;271.0;131
10/14/2014;72.0;65.0;58.0;57.0;55.0;54.0;87.0;70.0;53.0;29.95;29.89;29.83;10.0;10.0;8.0;26.0;9.0;32.0;0;6.0;206.0;141
7/19/2015;87.0;74.0;61.0;58.0;56.0;54.0;78.0;57.0;35.0;30.06;30.04;30.0;10.0;10.0;10.0;16.0;6.0;20.0;0;5.0;280.0;204
10/15/2014;71.0;63.0;54.0;57.0;55.0;53.0;86.0;72.0;57.0;30.04;29.97;29.86;10.0;10.0;9.0;21.0;8.0;28.0;T;6.0;225.0;137
7/18/2015;75.0;68.0;60.0;56.0;55.0;54.0;84.0;67.0;49.0;30.02;29.92;29.84;10.0;10.0;10.0;20.0;9.0;24.0;0;3.0;291.0;179
10/16/2014;71.0;61.0;51.0;56.0;51.0;45.0;93.0;68.0;42.0;30.05;29.99;29.95;10.0;10.0;10.0;18.0;6.0;22.0;0;5.0;313.0;126
7/17/2015;74.0;68.0;61.0;57.0;56.0;55.0;90.0;74.0;57.0;29.88;29.84;29.79;10.0;10.0;8.0;21.0;10.0;24.0;0;5.0;303.0;139
10/17/2014;73.0;62.0;51.0;57.0;50.0;47.0;89.0;65.0;41.0;29.98;29.95;29.92;10.0;10.0;10.0;12.0;4.0;17.0;0;5.0;142.0;147
7/16/2015;76.0;68.0;60.0;58.0;57.0;55.0;90.0;72.0;54.0;29.93;29.9;29.86;10.0;10.0;7.0;20.0;9.0;26.0;0;4.0;309.0;152
10/18/2014;75.0;65.0;54.0;58.0;54.0;49.0;84.0;64.0;43.0;30.0;29.94;29.88;10.0;10.0;10.0;17.0;6.0;28.0;0;2.0;285.0;231
7/15/2015;77.0;68.0;58.0;57.0;56.0;55.0;84.0;67.0;50.0;29.91;29.88;29.86;10.0;10.0;7.0;18.0;10.0;24.0;0;4.0;233.0;124
10/19/2014;71.0;63.0;55.0;61.0;57.0;52.0;93.0;80.0;66.0;29.93;29.9;29.87;10.0;10.0;9.0;20.0;7.0;22.0;0;3.0;300.0;224
7/14/2015;70.0;65.0;60.0;57.0;56.0;55.0;90.0;76.0;61.0;29.95;29.92;29.89;10.0;10.0;6.0;22.0;12.0;28.0;T;7.0;250.0;80
10/20/2014;70.0;62.0;54.0;59.0;55.0;51.0;78.0;68.0;57.0;30.06;29.97;29.91;10.0;9.0;2.0;18.0;9.0;22.0;0.01;5.0;250.0;87
7/13/2015;74.0;68.0;62.0;58.0;57.0;56.0;84.0;71.0;57.0;30.03;29.99;29.93;10.0;10.0;10.0;24.0;12.0;28.0;0;6.0;259.0;113
10/21/2014;70.0;60.0;49.0;53.0;49.0;43.0;83.0;60.0;37.0;30.11;30.06;30.02;10.0;10.0;10.0;20.0;7.0;36.0;0;1.0;307.0;83
7/12/2015;75.0;69.0;63.0;57.0;56.0;53.0;84.0;65.0;46.0;30.06;30.03;30.0;10.0;10.0;10.0;21.0;11.0;24.0;0;6.0;263.0;213
10/22/2014;71.0;60.0;49.0;57.0;52.0;46.0;86.0;72.0;57.0;30.09;30.05;30.02;10.0;10.0;10.0;15.0;5.0;17.0;0;4.0;281.0;78
7/11/2015;74.0;68.0;61.0;56.0;54.0;52.0;84.0;67.0;49.0;30.0;29.98;29.93;10.0;10.0;10.0;21.0;12.0;26.0;0;4.0;270.0;261
10/23/2014;72.0;64.0;55.0;59.0;56.0;53.0;93.0;75.0;57.0;30.08;30.02;29.97;10.0;10.0;10.0;14.0;4.0;15.0;0.01;5.0;302.0;129
7/10/2015;73.0;67.0;61.0;56.0;55.0;54.0;84.0;69.0;53.0;29.97;29.93;29.9;10.0;10.0;7.0;16.0;10.0;23.0;T;6.0;267.0;162
10/24/2014;71.0;64.0;56.0;57.0;54.0;50.0;83.0;71.0;59.0;29.98;29.94;29.89;10.0;10.0;10.0;18.0;9.0;26.0;0;2.0;184.0;190
7/9/2015;67.0;63.0;59.0;57.0;55.0;54.0;84.0;76.0;68.0;29.91;29.88;29.83;10.0;9.0;6.0;17.0;10.0;20.0;0.01;8.0;263.0;66
10/25/2014;70.0;65.0;60.0;59.0;56.0;54.0;90.0;76.0;61.0;30.14;30.02;29.89;10.0;10.0;4.0;25.0;13.0;30.0;0.23;6.0;208.0;168
7/8/2015;69.0;65.0;60.0;56.0;54.0;52.0;78.0;71.0;63.0;29.92;29.88;29.84;10.0;10.0;10.0;21.0;13.0;28.0;0;8.0;265.0;137
10/26/2014;69.0;60.0;50.0;55.0;49.0;43.0;93.0;66.0;39.0;30.18;30.12;30.06;10.0;10.0;10.0;18.0;7.0;21.0;0;1.0;324.0;239
7/7/2015;73.0;67.0;61.0;58.0;57.0;55.0;84.0;73.0;61.0;30.04;29.99;29.92;10.0;10.0;10.0;21.0;13.0;26.0;0;6.0;267.0;127
10/27/2014;67.0;57.0;47.0;52.0;48.0;42.0;86.0;69.0;52.0;30.08;30.05;30.01;10.0;10.0;10.0;12.0;4.0;14.0;0;2.0;300.0;92
7/6/2015;73.0;67.0;61.0;58.0;56.0;54.0;84.0;69.0;53.0;30.09;30.05;30.01;10.0;10.0;7.0;18.0;13.0;21.0;T;5.0;267.0;147
10/28/2014;71.0;60.0;48.0;55.0;50.0;45.0;93.0;70.0;47.0;30.13;30.09;30.06;10.0;10.0;10.0;15.0;6.0;17.0;0;1.0;325.0;130
7/5/2015;75.0;68.0;61.0;58.0;57.0;55.0;84.0;71.0;57.0;30.01;29.95;29.89;10.0;10.0;10.0;22.0;11.0;26.0;0;6.0;288.0;182
10/29/2014;77.0;64.0;50.0;58.0;53.0;49.0;89.0;63.0;36.0;30.12;30.06;29.98;10.0;10.0;10.0;15.0;4.0;17.0;0;1.0;285.0;145
7/4/2015;71.0;66.0;60.0;58.0;57.0;56.0;90.0;78.0;66.0;29.9;29.88;29.85;10.0;10.0;10.0;21.0;11.0;25.0;0;6.0;297.0;354
10/30/2014;71.0;63.0;54.0;57.0;53.0;47.0;84.0;74.0;63.0;29.96;29.92;29.89;10.0;10.0;10.0;16.0;6.0;26.0;0;5.0;270.0;87
7/3/2015;73.0;67.0;60.0;58.0;57.0;57.0;90.0;76.0;61.0;29.97;29.92;29.88;10.0;10.0;10.0;21.0;11.0;23.0;0;5.0;302.0;210
10/31/2014;64.0;61.0;57.0;58.0;54.0;49.0;87.0;80.0;72.0;29.91;29.84;29.73;10.0;8.0;2.0;18.0;8.0;24.0;0.32;8.0;224.0;96
7/2/2015;74.0;67.0;60.0;59.0;57.0;55.0;90.0;76.0;61.0;29.98;29.94;29.91;10.0;10.0;10.0;21.0;11.0;23.0;0;6.0;313.0;91
11/1/2014;64.0;56.0;48.0;51.0;48.0;44.0;83.0;72.0;60.0;30.04;29.9;29.75;10.0;10.0;10.0;22.0;9.0;24.0;0;4.0;270.0;139
7/1/2015;76.0;67.0;58.0;57.0;56.0;54.0;87.0;69.0;50.0;29.93;29.88;29.82;10.0;10.0;10.0;24.0;9.0;30.0;0;5.0;309.0;71
11/2/2014;66.0;55.0;44.0;50.0;45.0;42.0;93.0;71.0;48.0;30.17;30.13;30.05;10.0;10.0;10.0;21.0;4.0;24.0;0;1.0;281.0;146
6/30/2015;82.0;70.0;57.0;57.0;55.0;54.0;93.0;66.0;39.0;29.93;29.88;29.81;10.0;10.0;10.0;16.0;8.0;18.0;0;3.0;293.0;90
11/3/2014;66.0;55.0;44.0;52.0;46.0;40.0;86.0;63.0;40.0;30.27;30.22;30.17;10.0;10.0;10.0;15.0;5.0;16.0;0;4.0;281.0;86
6/29/2015;73.0;65.0;57.0;56.0;54.0;52.0;86.0;72.0;57.0;30.04;29.99;29.93;10.0;10.0;10.0;16.0;10.0;21.0;0;5.0;272.0;146
11/4/2014;69.0;58.0;46.0;54.0;49.0;44.0;93.0;68.0;42.0;30.33;30.27;30.23;10.0;10.0;7.0;12.0;4.0;14.0;0;2.0;297.0;43
6/28/2015;72.0;66.0;60.0;57.0;56.0;55.0;84.0;71.0;57.0;30.02;30.0;29.96;10.0;10.0;10.0;22.0;12.0;24.0;T;7.0;291.0;221
11/5/2014;72.0;60.0;48.0;54.0;49.0;43.0;77.0;61.0;44.0;30.23;30.15;30.08;10.0;10.0;10.0;7.0;3.0;8.0;0;2.0;202.0;95
6/27/2015;74.0;66.0;58.0;57.0;55.0;53.0;86.0;70.0;53.0;30.02;29.98;29.95;10.0;10.0;10.0;17.0;9.0;20.0;0;6.0;315.0;269
11/6/2014;72.0;61.0;50.0;56.0;52.0;46.0;93.0;69.0;44.0;30.22;30.19;30.14;10.0;10.0;7.0;13.0;4.0;15.0;0;3.0;295.0;122
6/26/2015;73.0;66.0;58.0;56.0;55.0;53.0;80.0;69.0;57.0;29.97;29.92;29.9;10.0;10.0;6.0;22.0;10.0;29.0;0;2.0;316.0;209
11/7/2014;70.0;60.0;50.0;58.0;54.0;48.0;100.0;81.0;61.0;30.24;30.18;30.1;10.0;5.0;0.0;13.0;4.0;15.0;0.01;3.0;332.0;132
6/25/2015;79.0;68.0;56.0;57.0;53.0;50.0;83.0;63.0;43.0;29.92;29.89;29.86;10.0;10.0;7.0;18.0;7.0;21.0;0;0.0;323.0;147
11/8/2014;72.0;61.0;50.0;59.0;53.0;48.0;100.0;79.0;57.0;30.13;30.08;30.01;10.0;7.0;0.0;8.0;2.0;20.0;0;3.0;265.0;282
6/24/2015;73.0;64.0;55.0;52.0;51.0;50.0;86.0;68.0;49.0;29.97;29.93;29.89;10.0;10.0;6.0;20.0;9.0;22.0;0;3.0;272.0;69
11/9/2014;70.0;59.0;48.0;57.0;53.0;46.0;100.0;81.0;61.0;30.02;29.92;29.83;10.0;10.0;6.0;15.0;4.0;17.0;0;1.0;299.0;170
6/23/2015;70.0;62.0;53.0;52.0;50.0;48.0;86.0;69.0;51.0;30.03;29.99;29.94;10.0;9.0;6.0;21.0;9.0;24.0;0;2.0;261.0;104
11/10/2014;65.0;56.0;47.0;57.0;52.0;46.0;100.0;86.0;72.0;29.86;29.83;29.8;10.0;5.0;0.0;16.0;5.0;18.0;0.01;3.0;316.0;80
6/22/2015;64.0;59.0;54.0;52.0;51.0;49.0;86.0;73.0;60.0;30.08;30.04;30.02;10.0;9.0;6.0;21.0;10.0;24.0;0;5.0;268.0;69
11/11/2014;66.0;62.0;58.0;54.0;49.0;47.0;80.0;68.0;56.0;29.98;29.92;29.86;10.0;10.0;10.0;15.0;9.0;21.0;0;7.0;233.0;83
6/21/2015;67.0;62.0;56.0;52.0;50.0;48.0;86.0;69.0;52.0;30.05;30.0;29.91;10.0;9.0;6.0;22.0;12.0;25.0;0;4.0;271.0;134
11/12/2014;66.0;61.0;56.0;49.0;46.0;44.0;64.0;56.0;48.0;30.04;29.99;29.97;10.0;10.0;4.0;10.0;4.0;16.0;0.11;7.0;258.0;73
6/20/2015;69.0;61.0;52.0;54.0;52.0;49.0;93.0;74.0;55.0;29.94;29.91;29.87;10.0;10.0;6.0;20.0;9.0;22.0;0;5.0;303.0;187
11/13/2014;64.0;60.0;55.0;59.0;56.0;50.0;93.0;86.0;78.0;30.08;30.01;29.93;10.0;7.0;1.0;17.0;7.0;22.0;0.2;7.0;211.0;102
6/19/2015;71.0;62.0;52.0;53.0;50.0;48.0;89.0;69.0;49.0;30.01;29.99;29.95;10.0;10.0;7.0;18.0;9.0;21.0;0;4.0;267.0;173
11/14/2014;65.0;57.0;49.0;58.0;53.0;49.0;96.0;82.0;67.0;30.12;30.09;30.07;10.0;9.0;4.0;16.0;6.0;20.0;0;4.0;273.0;96
6/18/2015;66.0;59.0;52.0;52.0;50.0;47.0;89.0;73.0;56.0;30.03;29.99;29.94;10.0;9.0;5.0;18.0;10.0;23.0;0;3.0;286.0;84
11/15/2014;64.0;55.0;46.0;54.0;49.0;44.0;93.0;78.0;63.0;30.19;30.14;30.09;10.0;10.0;10.0;8.0;3.0;13.0;0;2.0;300.0;174
6/17/2015;69.0;61.0;53.0;52.0;51.0;48.0;89.0;70.0;51.0;29.95;29.93;29.91;10.0;9.0;4.0;23.0;9.0;25.0;0;4.0;287.0;121
11/16/2014;65.0;56.0;47.0;46.0;32.0;19.0;93.0;56.0;18.0;30.27;30.23;30.18;10.0;10.0;10.0;15.0;5.0;28.0;0;4.0;54.0;105
6/16/2015;68.0;62.0;55.0;52.0;51.0;50.0;83.0;71.0;58.0;29.98;29.95;29.93;10.0;9.0;5.0;20.0;12.0;;0;5.0;254.0;93
11/17/2014;67.0;57.0;47.0;42.0;36.0;25.0;77.0;50.0;22.0;30.25;30.17;30.11;10.0;10.0;10.0;16.0;6.0;22.0;0;4.0;87.0;53
6/15/2015;62.0;58.0;54.0;51.0;50.0;48.0;89.0;78.0;67.0;29.97;29.91;29.86;10.0;9.0;5.0;21.0;11.0;24.0;0;7.0;255.0;83
11/18/2014;62.0;54.0;46.0;45.0;41.0;36.0;66.0;55.0;43.0;30.14;30.1;30.05;10.0;10.0;9.0;13.0;5.0;20.0;0;7.0;68.0;62
6/14/2015;67.0;61.0;55.0;54.0;51.0;48.0;86.0;71.0;56.0;29.87;29.82;29.76;10.0;7.0;5.0;21.0;12.0;24.0;0;5.0;280.0;125
11/19/2014;61.0;57.0;52.0;57.0;51.0;41.0;93.0;75.0;57.0;30.14;30.06;30.0;10.0;8.0;2.0;22.0;6.0;25.0;0.15;8.0;142.0;31
6/13/2015;72.0;65.0;57.0;57.0;55.0;52.0;93.0;77.0;61.0;29.79;29.77;29.75;10.0;9.0;6.0;21.0;9.0;25.0;0;3.0;313.0;186
11/20/2014;59.0;55.0;51.0;55.0;53.0;49.0;100.0;93.0;86.0;30.12;30.06;29.99;10.0;5.0;0.0;15.0;4.0;21.0;0.66;7.0;98.0;19
6/12/2015;75.0;65.0;54.0;58.0;55.0;52.0;93.0;71.0;49.0;29.85;29.8;29.75;10.0;9.0;7.0;20.0;9.0;23.0;0;0.0;306.0;172
11/21/2014;61.0;56.0;51.0;54.0;51.0;48.0;96.0;83.0;69.0;30.14;30.09;30.04;10.0;9.0;6.0;9.0;4.0;31.0;0;7.0;78.0;65
6/11/2015;73.0;65.0;57.0;59.0;56.0;54.0;100.0;81.0;61.0;29.92;29.88;29.82;10.0;8.0;1.0;20.0;8.0;23.0;0;4.0;295.0;139
11/22/2014;65.0;59.0;53.0;61.0;54.0;45.0;93.0;80.0;66.0;30.25;30.12;30.06;10.0;7.0;1.0;20.0;10.0;23.0;0.26;6.0;213.0;110
6/10/2015;70.0;64.0;58.0;63.0;58.0;55.0;97.0;88.0;78.0;29.94;29.9;29.87;10.0;9.0;4.0;15.0;6.0;17.0;0.18;7.0;302.0;67
11/23/2014;62.0;52.0;42.0;47.0;43.0;39.0;83.0;66.0;48.0;30.35;30.3;30.25;10.0;10.0;10.0;8.0;2.0;18.0;0;3.0;278.0;68
6/9/2015;77.0;66.0;55.0;57.0;54.0;52.0;93.0;68.0;43.0;29.92;29.88;29.82;10.0;10.0;10.0;30.0;6.0;32.0;0;6.0;294.0;102
11/24/2014;62.0;51.0;40.0;47.0;41.0;36.0;83.0;63.0;42.0;30.42;30.37;30.32;10.0;10.0;10.0;7.0;2.0;21.0;0;1.0;300.0;93
6/8/2015;88.0;72.0;56.0;57.0;55.0;53.0;87.0;59.0;31.0;29.88;29.84;29.75;10.0;10.0;10.0;20.0;8.0;23.0;0;1.0;302.0;82
11/25/2014;73.0;57.0;41.0;52.0;44.0;38.0;83.0;71.0;58.0;30.47;30.4;30.33;10.0;10.0;8.0;13.0;4.0;15.0;0;1.0;147.0;107
6/7/2015;73.0;65.0;56.0;55.0;54.0;53.0;93.0;73.0;53.0;29.94;29.9;29.84;10.0;10.0;10.0;20.0;8.0;22.0;0;4.0;302.0;242
11/26/2014;65.0;55.0;45.0;52.0;46.0;40.0;86.0;73.0;60.0;30.32;30.26;30.2;10.0;9.0;6.0;10.0;3.0;37.0;0;2.0;355.0;48
6/6/2015;71.0;64.0;56.0;55.0;54.0;53.0;93.0;75.0;57.0;29.94;29.89;29.85;10.0;10.0;10.0;22.0;9.0;28.0;0;6.0;314.0;178
11/27/2014;65.0;54.0;42.0;51.0;47.0;42.0;93.0;78.0;63.0;30.19;30.12;30.06;9.0;6.0;0.0;12.0;2.0;28.0;0;3.0;337.0;69
6/5/2015;69.0;61.0;53.0;54.0;52.0;48.0;93.0;74.0;55.0;29.86;29.83;29.81;10.0;10.0;4.0;22.0;9.0;28.0;0;4.0;308.0;137
11/28/2014;62.0;52.0;42.0;52.0;49.0;42.0;100.0;84.0;67.0;30.06;29.98;29.87;10.0;6.0;1.0;13.0;6.0;17.0;T;5.0;161.0;86
6/4/2015;70.0;62.0;53.0;51.0;50.0;48.0;83.0;67.0;51.0;29.87;29.84;29.81;10.0;10.0;9.0;17.0;9.0;26.0;0;4.0;226.0;118
11/29/2014;64.0;59.0;54.0;55.0;53.0;49.0;93.0;83.0;72.0;29.87;29.82;29.75;10.0;10.0;6.0;14.0;7.0;18.0;0.08;7.0;135.0;124
6/3/2015;65.0;60.0;55.0;52.0;51.0;50.0;86.0;73.0;60.0;29.97;29.94;29.88;10.0;10.0;10.0;22.0;10.0;25.0;0;6.0;237.0;94
11/30/2014;60.0;56.0;52.0;58.0;54.0;51.0;100.0;88.0;75.0;30.03;29.88;29.74;10.0;9.0;4.0;16.0;4.0;31.0;0.32;7.0;84.0;30
6/2/2015;65.0;61.0;56.0;55.0;53.0;51.0;93.0;78.0;63.0;30.08;30.04;29.98;10.0;10.0;10.0;20.0;11.0;25.0;0;6.0;257.0;112
12/1/2014;66.0;60.0;53.0;57.0;55.0;52.0;100.0;84.0;67.0;30.12;30.04;29.96;10.0;10.0;7.0;15.0;4.0;17.0;T;6.0;53.0;56
6/1/2015;73.0;65.0;57.0;55.0;53.0;50.0;87.0;68.0;49.0;30.06;30.03;29.97;10.0;9.0;2.0;21.0;10.0;24.0;T;6.0;233.0;86
12/2/2014;61.0;58.0;54.0;56.0;54.0;52.0;100.0;90.0;80.0;29.95;29.77;29.69;10.0;8.0;2.0;21.0;9.0;25.0;1.18;8.0;102.0;10
5/31/2015;65.0;59.0;52.0;50.0;48.0;46.0;89.0;73.0;56.0;29.99;29.95;29.92;10.0;10.0;7.0;24.0;11.0;28.0;0;7.0;267.0;145
12/3/2014;64.0;61.0;58.0;59.0;57.0;55.0;93.0;86.0;78.0;29.89;29.78;29.71;10.0;7.0;2.0;35.0;12.0;41.0;1.43;7.0;151.0;28
5/30/2015;66.0;59.0;51.0;52.0;50.0;49.0;93.0;78.0;63.0;29.99;29.95;29.91;10.0;10.0;10.0;24.0;9.0;28.0;0;7.0;280.0;221
12/4/2014;65.0;60.0;55.0;58.0;56.0;55.0;100.0;87.0;73.0;30.02;29.94;29.88;10.0;8.0;0.0;14.0;5.0;20.0;0.01;6.0;160.0;64
5/29/2015;62.0;57.0;52.0;50.0;49.0;48.0;89.0;79.0;69.0;30.02;29.99;29.95;10.0;10.0;10.0;18.0;10.0;22.0;T;7.0;266.0;121
12/5/2014;67.0;60.0;53.0;58.0;56.0;53.0;100.0;87.0;73.0;30.08;30.03;29.99;10.0;9.0;3.0;23.0;8.0;28.0;0.1;7.0;139.0;63
5/28/2015;63.0;58.0;52.0;52.0;50.0;48.0;89.0;77.0;65.0;30.07;30.03;29.99;10.0;10.0;10.0;21.0;10.0;23.0;T;7.0;267.0;72
12/6/2014;66.0;62.0;57.0;59.0;57.0;55.0;93.0;86.0;78.0;30.23;30.18;30.09;10.0;10.0;7.0;16.0;6.0;20.0;0.11;7.0;129.0;124
5/27/2015;63.0;58.0;53.0;50.0;49.0;48.0;89.0;75.0;60.0;30.04;30.02;30.0;10.0;10.0;10.0;21.0;12.0;24.0;0;6.0;269.0;82
12/7/2014;64.0;58.0;52.0;57.0;54.0;52.0;100.0;86.0;72.0;30.22;30.18;30.14;10.0;8.0;4.0;12.0;3.0;21.0;0.01;6.0;110.0;104
5/26/2015;65.0;59.0;53.0;50.0;49.0;48.0;89.0;73.0;56.0;30.03;30.0;29.98;10.0;10.0;7.0;18.0;11.0;24.0;T;7.0;261.0;93
12/8/2014;68.0;60.0;51.0;56.0;53.0;50.0;96.0;80.0;63.0;30.19;30.16;30.13;10.0;10.0;10.0;9.0;4.0;12.0;0;6.0;65.0;93
5/25/2015;63.0;58.0;52.0;50.0;49.0;48.0;89.0;75.0;60.0;30.01;29.98;29.96;10.0;10.0;9.0;20.0;12.0;24.0;T;8.0;257.0;137
12/9/2014;65.0;59.0;53.0;57.0;54.0;51.0;93.0;83.0;73.0;30.22;30.15;30.08;10.0;8.0;4.0;12.0;2.0;31.0;0;7.0;356.0;70
5/24/2015;61.0;57.0;52.0;50.0;49.0;48.0;89.0;78.0;67.0;30.06;30.02;29.98;10.0;10.0;9.0;20.0;11.0;24.0;T;7.0;248.0;218
12/10/2014;64.0;59.0;54.0;56.0;54.0;53.0;100.0;86.0;72.0;30.08;29.94;29.73;10.0;6.0;0.0;32.0;10.0;39.0;T;8.0;119.0;54
5/23/2015;62.0;58.0;53.0;50.0;49.0;48.0;83.0;72.0;60.0;30.11;30.08;30.04;10.0;10.0;9.0;20.0;11.0;23.0;T;7.0;238.0;214
12/11/2014;64.0;57.0;50.0;57.0;53.0;48.0;93.0;80.0;67.0;29.7;29.63;29.52;10.0;6.0;1.0;36.0;14.0;45.0;3.12;8.0;162.0;5
5/22/2015;62.0;59.0;56.0;52.0;51.0;48.0;83.0;74.0;64.0;30.08;30.02;29.98;10.0;10.0;10.0;21.0;12.0;23.0;0;8.0;262.0;142
12/12/2014;56.0;53.0;49.0;51.0;48.0;46.0;96.0;87.0;77.0;30.09;29.87;29.68;10.0;9.0;4.0;9.0;3.0;10.0;0.48;7.0;105.0;31
5/21/2015;66.0;60.0;54.0;54.0;52.0;51.0;93.0;78.0;63.0;29.99;29.95;29.93;10.0;9.0;4.0;18.0;10.0;21.0;T;7.0;255.0;102
12/13/2014;57.0;52.0;46.0;48.0;46.0;44.0;100.0;86.0;72.0;30.24;30.18;30.09;10.0;10.0;7.0;8.0;3.0;25.0;0;4.0;63.0;120
5/20/2015;68.0;61.0;54.0;52.0;49.0;48.0;86.0;75.0;64.0;30.0;29.98;29.95;10.0;10.0;5.0;16.0;11.0;21.0;T;8.0;249.0;73
12/14/2014;61.0;54.0;47.0;48.0;45.0;43.0;89.0;72.0;55.0;30.15;30.06;29.99;10.0;10.0;7.0;14.0;6.0;16.0;0.19;7.0;94.0;77
5/19/2015;63.0;59.0;54.0;49.0;48.0;48.0;83.0;74.0;64.0;30.12;30.08;30.01;10.0;10.0;10.0;21.0;12.0;23.0;T;8.0;257.0;84
12/15/2014;56.0;53.0;49.0;51.0;48.0;46.0;93.0;85.0;77.0;29.98;29.9;29.84;10.0;8.0;2.0;23.0;14.0;31.0;1.09;8.0;125.0;26
5/18/2015;60.0;57.0;54.0;49.0;48.0;46.0;77.0;72.0;67.0;30.12;30.08;30.04;10.0;10.0;10.0;22.0;13.0;25.0;0;8.0;264.0;72
12/16/2014;61.0;56.0;50.0;52.0;49.0;46.0;93.0;80.0;67.0;29.96;29.91;29.83;10.0;9.0;2.0;21.0;11.0;24.0;0.65;7.0;135.0;45
5/17/2015;64.0;59.0;54.0;48.0;48.0;47.0;83.0;72.0;60.0;30.06;30.04;30.01;10.0;10.0;10.0;22.0;13.0;24.0;0;7.0;264.0;164
12/17/2014;59.0;54.0;49.0;51.0;49.0;46.0;93.0;83.0;72.0;30.09;30.03;29.95;10.0;10.0;6.0;17.0;8.0;22.0;0.13;7.0;127.0;32
5/16/2015;61.0;57.0;53.0;49.0;48.0;47.0;83.0;74.0;64.0;30.04;30.0;29.95;10.0;10.0;10.0;18.0;12.0;26.0;0;7.0;250.0;201
12/18/2014;61.0;56.0;51.0;51.0;49.0;48.0;89.0;81.0;72.0;30.2;30.13;30.07;10.0;10.0;8.0;13.0;6.0;15.0;T;7.0;119.0;56
5/15/2015;62.0;57.0;52.0;49.0;48.0;46.0;83.0;70.0;56.0;29.97;29.92;29.86;10.0;10.0;10.0;26.0;13.0;32.0;0;6.0;269.0;125
12/19/2014;57.0;56.0;54.0;54.0;52.0;50.0;93.0;85.0;77.0;30.17;30.14;30.11;10.0;8.0;1.0;23.0;12.0;30.0;0.25;8.0;144.0;14
5/14/2015;66.0;60.0;53.0;50.0;48.0;45.0;77.0;67.0;56.0;29.9;29.85;29.8;10.0;10.0;10.0;18.0;9.0;24.0;T;7.0;232.0;142
12/20/2014;60.0;57.0;54.0;56.0;54.0;52.0;100.0;89.0;78.0;30.26;30.19;30.13;10.0;7.0;2.0;13.0;4.0;16.0;T;7.0;160.0;96
5/13/2015;63.0;57.0;51.0;48.0;44.0;42.0;77.0;63.0;48.0;29.99;29.95;29.91;10.0;10.0;10.0;21.0;12.0;24.0;0;5.0;268.0;126
12/21/2014;64.0;60.0;55.0;58.0;56.0;54.0;100.0;92.0;84.0;30.33;30.28;30.25;10.0;6.0;0.0;13.0;6.0;24.0;0.09;6.0;197.0;113
5/12/2015;65.0;58.0;51.0;45.0;43.0;41.0;77.0;60.0;43.0;29.96;29.93;29.87;10.0;10.0;10.0;28.0;18.0;33.0;0;3.0;275.0;88
12/22/2014;63.0;57.0;51.0;56.0;54.0;50.0;100.0;89.0;78.0;30.3;30.25;30.19;10.0;4.0;0.0;8.0;3.0;24.0;0;4.0;266.0;116
5/11/2015;62.0;57.0;52.0;49.0;47.0;45.0;83.0;72.0;60.0;29.99;29.95;29.87;10.0;10.0;7.0;28.0;14.0;31.0;0;5.0;254.0;77
12/23/2014;65.0;56.0;47.0;55.0;51.0;46.0;100.0;84.0;67.0;30.23;30.17;30.13;10.0;9.0;6.0;9.0;3.0;14.0;0;0.0;321.0;119
5/10/2015;62.0;57.0;51.0;48.0;47.0;46.0;89.0;75.0;60.0;30.1;30.06;29.99;10.0;10.0;7.0;16.0;9.0;20.0;0;6.0;259.0;133
12/24/2014;61.0;55.0;48.0;54.0;49.0;36.0;100.0;80.0;59.0;30.12;30.05;29.97;10.0;7.0;0.0;28.0;11.0;33.0;0.02;6.0;303.0;57
5/9/2015;63.0;58.0;52.0;49.0;48.0;46.0;83.0;72.0;60.0;30.12;30.09;30.06;10.0;10.0;10.0;21.0;11.0;23.0;0;6.0;263.0;173
12/25/2014;59.0;52.0;45.0;38.0;35.0;26.0;70.0;50.0;30.0;30.16;30.11;30.06;10.0;10.0;10.0;20.0;10.0;26.0;0;0.0;338.0;105
5/8/2015;65.0;56.0;46.0;49.0;47.0;43.0;86.0;71.0;56.0;30.04;29.89;29.77;10.0;10.0;8.0;18.0;9.0;22.0;0;3.0;293.0;140
12/26/2014;60.0;50.0;39.0;34.0;30.0;26.0;67.0;49.0;30.0;30.27;30.19;30.1;10.0;10.0;10.0;17.0;7.0;23.0;0;0.0;8.0;122
5/7/2015;67.0;57.0;47.0;47.0;45.0;42.0;83.0;64.0;45.0;29.81;29.77;29.73;10.0;10.0;7.0;17.0;6.0;20.0;T;5.0;204.0;95
12/27/2014;55.0;47.0;38.0;38.0;34.0;30.0;82.0;62.0;41.0;30.39;30.34;30.27;10.0;10.0;10.0;12.0;5.0;13.0;0;3.0;88.0;118
5/6/2015;66.0;58.0;50.0;47.0;46.0;44.0;83.0;68.0;52.0;29.92;29.86;29.81;10.0;10.0;7.0;17.0;9.0;20.0;0;3.0;218.0;107
12/28/2014;55.0;47.0;39.0;48.0;41.0;36.0;86.0;75.0;64.0;30.37;30.29;30.24;10.0;10.0;9.0;10.0;4.0;14.0;0;3.0;176.0;193
5/5/2015;62.0;57.0;51.0;47.0;46.0;45.0;83.0;72.0;60.0;29.98;29.95;29.91;10.0;10.0;8.0;18.0;11.0;25.0;0;5.0;225.0;91
12/29/2014;55.0;49.0;42.0;46.0;42.0;37.0;92.0;76.0;59.0;30.24;30.18;30.12;10.0;10.0;7.0;13.0;3.0;16.0;0;4.0;318.0;77
5/4/2015;59.0;55.0;51.0;47.0;46.0;45.0;83.0;73.0;62.0;30.01;29.97;29.93;10.0;10.0;7.0;20.0;11.0;23.0;0;7.0;251.0;69
12/30/2014;55.0;47.0;38.0;37.0;23.0;14.0;82.0;53.0;24.0;30.25;30.16;30.11;10.0;10.0;10.0;41.0;17.0;53.0;0;0.0;1.0;30
5/3/2015;64.0;58.0;52.0;48.0;47.0;46.0;83.0;68.0;52.0;29.93;29.9;29.86;10.0;10.0;10.0;20.0;11.0;23.0;0;5.0;274.0;191
12/31/2014;59.0;48.0;36.0;36.0;17.0;5.0;67.0;41.0;15.0;30.27;30.17;30.07;10.0;10.0;10.0;21.0;7.0;28.0;0;1.0;8.0;73
5/2/2015;65.0;59.0;52.0;50.0;49.0;47.0;89.0;75.0;60.0;29.91;29.88;29.84;10.0;10.0;10.0;20.0;9.0;24.0;0;4.0;311.0;145
1/1/2015;56.0;47.0;38.0;27.0;20.0;14.0;54.0;37.0;20.0;30.18;30.13;30.07;10.0;10.0;10.0;23.0;8.0;28.0;0;1.0;40.0;111
5/1/2015;76.0;65.0;53.0;54.0;51.0;48.0;93.0;71.0;49.0;29.92;29.86;29.8;10.0;10.0;9.0;20.0;9.0;23.0;0;2.0;312.0;152
1/2/2015;50.0;41.0;32.0;36.0;30.0;25.0;76.0;64.0;52.0;30.23;30.18;30.13;10.0;10.0;9.0;8.0;4.0;10.0;0;1.0;63.0;122
4/30/2015;84.0;67.0;49.0;54.0;48.0;42.0;83.0;55.0;26.0;29.9;29.84;29.77;10.0;10.0;8.0;15.0;6.0;22.0;0;1.0;296.0;99
1/3/2015;53.0;43.0;32.0;38.0;34.0;28.0;82.0;66.0;50.0;30.33;30.26;30.2;10.0;10.0;8.0;12.0;2.0;14.0;0;1.0;305.0;123
4/29/2015;66.0;59.0;51.0;48.0;47.0;45.0;89.0;69.0;48.0;30.04;29.99;29.91;10.0;9.0;6.0;20.0;8.0;23.0;0;3.0;249.0;113
1/4/2015;54.0;45.0;35.0;42.0;37.0;33.0;85.0;72.0;59.0;30.44;30.38;30.32;10.0;8.0;6.0;14.0;3.0;17.0;0;5.0;154.0;81
4/28/2015;63.0;58.0;52.0;51.0;49.0;48.0;89.0;77.0;65.0;30.08;30.04;30.01;10.0;10.0;10.0;18.0;9.0;22.0;0;6.0;250.0;84
1/5/2015;56.0;46.0;36.0;43.0;38.0;32.0;85.0;68.0;50.0;30.39;30.32;30.23;10.0;9.0;6.0;8.0;3.0;9.0;0;4.0;170.0;75
4/27/2015;81.0;66.0;50.0;55.0;51.0;47.0;89.0;64.0;38.0;30.06;30.01;29.94;10.0;10.0;10.0;22.0;9.0;25.0;T;2.0;270.0;89
1/6/2015;59.0;49.0;38.0;44.0;39.0;36.0;92.0;72.0;51.0;30.29;30.22;30.17;10.0;8.0;5.0;8.0;2.0;12.0;0;0.0;224.0;80
4/26/2015;69.0;58.0;47.0;51.0;46.0;39.0;83.0;63.0;43.0;30.16;30.1;30.06;10.0;10.0;10.0;20.0;7.0;23.0;0;3.0;271.0;140
1/7/2015;64.0;51.0;38.0;47.0;42.0;37.0;92.0;69.0;46.0;30.23;30.15;30.08;10.0;10.0;8.0;8.0;2.0;9.0;0;1.0;235.0;56
4/25/2015;63.0;57.0;51.0;55.0;49.0;44.0;93.0;77.0;60.0;30.06;29.96;29.89;10.0;9.0;6.0;26.0;15.0;31.0;0.14;6.0;268.0;195
1/8/2015;61.0;52.0;42.0;48.0;45.0;38.0;92.0;76.0;60.0;30.1;30.05;30.01;10.0;8.0;5.0;8.0;2.0;9.0;0;6.0;332.0;81
4/24/2015;63.0;58.0;52.0;53.0;47.0;43.0;89.0;69.0;48.0;30.03;29.99;29.9;10.0;10.0;5.0;29.0;19.0;33.0;0.08;5.0;258.0;90
1/9/2015;63.0;55.0;46.0;50.0;47.0;45.0;96.0;74.0;52.0;30.04;30.0;29.97;10.0;7.0;3.0;9.0;4.0;12.0;0;7.0;299.0;63
4/23/2015;64.0;58.0;52.0;49.0;46.0;45.0;83.0;70.0;56.0;29.91;29.88;29.86;10.0;10.0;7.0;22.0;10.0;24.0;0;5.0;234.0;101
1/10/2015;60.0;54.0;47.0;52.0;49.0;45.0;93.0;83.0;72.0;30.05;30.0;29.96;10.0;7.0;4.0;8.0;3.0;10.0;0;6.0;280.0;129
4/22/2015;66.0;59.0;52.0;49.0;48.0;46.0;89.0;73.0;56.0;29.92;29.88;29.85;10.0;10.0;9.0;22.0;9.0;25.0;0;5.0;231.0;116
1/11/2015;57.0;50.0;42.0;50.0;46.0;42.0;96.0;87.0;77.0;30.18;30.09;30.02;10.0;6.0;0.0;8.0;3.0;25.0;0;5.0;143.0;144
4/21/2015;61.0;57.0;53.0;49.0;48.0;48.0;83.0;74.0;64.0;29.93;29.88;29.86;10.0;10.0;10.0;21.0;14.0;25.0;T;7.0;249.0;109
1/12/2015;57.0;49.0;41.0;50.0;46.0;41.0;96.0;87.0;77.0;30.28;30.22;30.19;10.0;7.0;0.0;8.0;2.0;10.0;0;3.0;246.0;81
4/20/2015;63.0;58.0;53.0;50.0;49.0;48.0;83.0;72.0;60.0;29.92;29.89;29.85;10.0;10.0;10.0;22.0;12.0;24.0;0;6.0;277.0;63
1/13/2015;66.0;55.0;43.0;48.0;43.0;37.0;100.0;69.0;37.0;30.23;30.18;30.12;10.0;6.0;0.0;16.0;3.0;21.0;0;2.0;135.0;69
4/19/2015;63.0;56.0;49.0;50.0;49.0;48.0;93.0;77.0;60.0;29.99;29.95;29.9;10.0;9.0;6.0;20.0;9.0;23.0;0;6.0;298.0;132
1/14/2015;59.0;49.0;39.0;47.0;43.0;36.0;93.0;78.0;62.0;30.3;30.22;30.16;10.0;7.0;4.0;12.0;3.0;13.0;0;3.0;47.0;86
4/18/2015;67.0;58.0;49.0;50.0;48.0;47.0;89.0;69.0;48.0;30.07;30.01;29.93;10.0;10.0;9.0;20.0;9.0;23.0;0;3.0;303.0;197
1/15/2015;59.0;50.0;40.0;49.0;45.0;39.0;100.0;84.0;67.0;30.34;30.28;30.23;6.0;4.0;0.0;13.0;4.0;16.0;0;5.0;287.0;67
4/17/2015;72.0;60.0;48.0;48.0;45.0;40.0;86.0;63.0;40.0;30.1;30.06;30.02;10.0;10.0;10.0;20.0;7.0;23.0;0;0.0;293.0;131
1/16/2015;57.0;50.0;43.0;52.0;48.0;43.0;96.0;84.0;72.0;30.3;30.26;30.23;8.0;4.0;2.0;10.0;3.0;12.0;T;6.0;349.0;91
4/16/2015;81.0;65.0;48.0;48.0;36.0;25.0;80.0;47.0;13.0;30.06;30.02;29.97;10.0;10.0;10.0;22.0;8.0;28.0;0;0.0;329.0;150
1/17/2015;57.0;53.0;48.0;52.0;49.0;46.0;96.0;84.0;72.0;30.3;30.26;30.21;10.0;7.0;4.0;12.0;5.0;15.0;0;5.0;188.0;126
4/15/2015;71.0;59.0;47.0;46.0;39.0;31.0;72.0;50.0;28.0;30.23;30.12;30.01;10.0;10.0;10.0;22.0;8.0;25.0;0;1.0;303.0;101
1/18/2015;65.0;57.0;49.0;55.0;52.0;48.0;100.0;87.0;73.0;30.34;30.29;30.26;10.0;5.0;0.0;13.0;4.0;14.0;0;6.0;302.0;125
4/14/2015;65.0;57.0;48.0;44.0;36.0;27.0;71.0;48.0;25.0;30.35;30.27;30.16;10.0;10.0;10.0;25.0;13.0;29.0;0;1.0;313.0;95
1/19/2015;63.0;55.0;47.0;54.0;50.0;45.0;93.0;77.0;60.0;30.32;30.25;30.18;10.0;9.0;4.0;14.0;5.0;16.0;0;5.0;9.0;80
4/13/2015;62.0;56.0;50.0;50.0;47.0;45.0;89.0;72.0;55.0;30.17;30.09;30.02;10.0;10.0;7.0;29.0;15.0;36.0;0;4.0;276.0;59
1/20/2015;58.0;52.0;45.0;49.0;47.0;42.0;100.0;86.0;72.0;30.18;30.12;30.06;10.0;6.0;0.0;7.0;2.0;;0;2.0;282.0;38
4/12/2015;73.0;61.0;48.0;54.0;49.0;45.0;100.0;70.0;40.0;30.06;30.02;29.96;10.0;10.0;10.0;14.0;6.0;16.0;0;1.0;280.0;129
1/21/2015;61.0;51.0;40.0;45.0;41.0;37.0;92.0;73.0;53.0;30.18;30.13;30.08;10.0;10.0;8.0;14.0;5.0;16.0;0;1.0;42.0;73
4/11/2015;72.0;60.0;47.0;52.0;48.0;43.0;93.0;70.0;47.0;30.1;30.05;30.01;10.0;10.0;10.0;20.0;7.0;23.0;0;4.0;279.0;154
1/22/2015;60.0;51.0;41.0;46.0;42.0;36.0;89.0;73.0;57.0;30.35;30.28;30.19;10.0;9.0;6.0;14.0;6.0;18.0;0;2.0;83.0;64
4/10/2015;66.0;56.0;46.0;48.0;43.0;38.0;89.0;63.0;37.0;30.06;30.03;29.98;10.0;10.0;10.0;16.0;7.0;18.0;0;2.0;282.0;130
1/23/2015;64.0;52.0;39.0;48.0;42.0;38.0;89.0;66.0;43.0;30.37;30.31;30.23;10.0;9.0;5.0;10.0;3.0;15.0;0;1.0;302.0;90
4/9/2015;67.0;55.0;43.0;47.0;43.0;36.0;92.0;63.0;34.0;30.09;30.02;29.96;10.0;10.0;10.0;17.0;6.0;20.0;0;4.0;289.0;115
1/24/2015;69.0;58.0;46.0;47.0;44.0;37.0;93.0;63.0;33.0;30.24;30.17;30.1;10.0;9.0;7.0;22.0;7.0;26.0;0;0.0;2.0;172
4/8/2015;63.0;55.0;47.0;50.0;44.0;38.0;86.0;65.0;43.0;30.19;30.13;30.07;10.0;10.0;10.0;16.0;8.0;20.0;0.01;4.0;299.0;83
1/25/2015;59.0;50.0;40.0;45.0;41.0;37.0;86.0;70.0;53.0;30.15;30.09;30.01;10.0;10.0;7.0;9.0;4.0;12.0;0;0.0;47.0;113
4/7/2015;61.0;55.0;48.0;48.0;45.0;40.0;93.0;72.0;51.0;30.06;29.88;29.77;10.0;8.0;4.0;30.0;15.0;40.0;0.52;6.0;235.0;73
1/26/2015;61.0;51.0;41.0;49.0;44.0;38.0;92.0;72.0;51.0;30.05;30.01;29.97;10.0;10.0;9.0;9.0;3.0;14.0;0;5.0;310.0;62
4/6/2015;63.0;54.0;44.0;43.0;40.0;37.0;83.0;63.0;42.0;29.99;29.93;29.85;10.0;10.0;10.0;25.0;13.0;29.0;0;4.0;167.0;75
1/27/2015;67.0;57.0;47.0;49.0;46.0;43.0;83.0;64.0;44.0;30.27;30.17;30.03;10.0;10.0;10.0;12.0;4.0;13.0;0;6.0;9.0;59
4/5/2015;58.0;54.0;50.0;48.0;43.0;38.0;83.0;69.0;54.0;29.98;29.93;29.91;10.0;9.0;2.0;21.0;11.0;24.0;0.11;5.0;252.0;85
1/28/2015;63.0;53.0;43.0;51.0;46.0;42.0;93.0;73.0;52.0;30.28;30.22;30.17;10.0;10.0;6.0;9.0;3.0;12.0;0;2.0;265.0;68
4/4/2015;64.0;54.0;43.0;47.0;41.0;38.0;93.0;67.0;40.0;30.12;30.05;29.97;10.0;10.0;10.0;26.0;11.0;32.0;0;4.0;278.0;129
1/29/2015;64.0;53.0;42.0;51.0;48.0;41.0;96.0;81.0;65.0;30.17;30.12;30.07;10.0;8.0;6.0;8.0;3.0;14.0;0;1.0;273.0;54
4/3/2015;67.0;56.0;44.0;46.0;42.0;40.0;83.0;63.0;43.0;30.24;30.17;30.11;10.0;10.0;7.0;18.0;8.0;21.0;0;0.0;256.0;108
1/30/2015;62.0;54.0;46.0;52.0;48.0;44.0;100.0;87.0;67.0;30.06;29.99;29.91;10.0;8.0;5.0;16.0;5.0;17.0;0;3.0;269.0;66
4/2/2015;69.0;59.0;48.0;45.0;38.0;29.0;80.0;52.0;24.0;30.21;30.17;30.13;10.0;10.0;10.0;22.0;10.0;26.0;0;0.0;312.0;105
1/31/2015;73.0;59.0;44.0;48.0;40.0;28.0;100.0;61.0;22.0;30.06;29.97;29.91;10.0;10.0;7.0;15.0;4.0;20.0;0;1.0;276.0;123
4/1/2015;65.0;55.0;45.0;45.0;38.0;30.0;80.0;56.0;32.0;30.19;30.14;30.08;10.0;10.0;10.0;24.0;9.0;26.0;0;2.0;301.0;75
2/1/2015;65.0;53.0;40.0;48.0;42.0;37.0;83.0;62.0;40.0;30.19;30.13;30.06;10.0;10.0;9.0;12.0;3.0;14.0;0;5.0;284.0;87
3/31/2015;68.0;62.0;55.0;52.0;47.0;40.0;86.0;64.0;42.0;30.19;30.14;30.07;10.0;10.0;10.0;28.0;16.0;38.0;0;1.0;285.0;77
2/2/2015;65.0;54.0;43.0;51.0;47.0;41.0;100.0;83.0;65.0;30.2;30.14;30.09;10.0;8.0;6.0;9.0;3.0;12.0;0;4.0;268.0;50
3/30/2015;65.0;56.0;47.0;51.0;48.0;44.0;89.0;75.0;60.0;30.08;30.05;30.02;10.0;10.0;7.0;21.0;8.0;23.0;0;4.0;270.0;104
2/3/2015;67.0;57.0;47.0;52.0;50.0;47.0;93.0;76.0;58.0;30.14;30.09;30.05;10.0;9.0;6.0;13.0;3.0;15.0;0;5.0;276.0;75
3/29/2015;73.0;60.0;47.0;52.0;49.0;45.0;93.0;67.0;41.0;30.13;30.08;30.01;10.0;10.0;10.0;18.0;6.0;22.0;0;1.0;309.0;157
2/4/2015;64.0;55.0;46.0;53.0;50.0;45.0;100.0;86.0;72.0;30.09;30.06;30.02;10.0;6.0;0.0;15.0;5.0;17.0;0;5.0;254.0;89
3/28/2015;74.0;61.0;48.0;55.0;49.0;46.0;93.0;69.0;44.0;30.2;30.14;30.08;10.0;10.0;10.0;24.0;6.0;26.0;0;2.0;267.0;299
2/5/2015;63.0;56.0;48.0;50.0;48.0;46.0;89.0;75.0;60.0;30.05;29.98;29.9;10.0;10.0;8.0;28.0;6.0;35.0;0;7.0;141.0;68
3/27/2015;64.0;58.0;52.0;54.0;52.0;49.0;96.0;82.0;67.0;30.18;30.14;30.09;10.0;10.0;10.0;21.0;9.0;23.0;0;2.0;295.0;179
2/6/2015;63.0;61.0;58.0;58.0;54.0;47.0;93.0;77.0;60.0;29.93;29.85;29.8;10.0;6.0;2.0;33.0;22.0;40.0;0.91;8.0;150.0;15
3/26/2015;80.0;65.0;50.0;56.0;52.0;48.0;93.0;68.0;42.0;30.18;30.12;30.05;10.0;10.0;10.0;14.0;5.0;15.0;0;0.0;297.0;133
2/7/2015;64.0;59.0;54.0;61.0;57.0;52.0;93.0;89.0;84.0;30.08;30.02;29.93;10.0;9.0;4.0;28.0;6.0;35.0;0.03;6.0;182.0;76
3/25/2015;72.0;60.0;48.0;53.0;50.0;46.0;93.0;70.0;47.0;30.25;30.2;30.16;10.0;10.0;10.0;16.0;6.0;22.0;0;1.0;270.0;139
2/8/2015;63.0;58.0;53.0;57.0;55.0;52.0;93.0;83.0;72.0;30.06;29.95;29.89;10.0;8.0;1.0;36.0;15.0;44.0;0.99;7.0;156.0;49
3/24/2015;65.0;59.0;53.0;54.0;50.0;43.0;83.0;73.0;63.0;30.32;30.28;30.23;10.0;10.0;7.0;21.0;7.0;23.0;T;6.0;286.0;120
2/9/2015;64.0;57.0;49.0;55.0;52.0;45.0;89.0;78.0;67.0;30.27;30.2;30.08;10.0;10.0;7.0;22.0;8.0;26.0;T;4.0;229.0;50
3/23/2015;64.0;59.0;53.0;54.0;49.0;42.0;93.0;71.0;48.0;30.32;30.25;30.2;10.0;10.0;10.0;21.0;10.0;29.0;0.05;6.0;272.0;93
2/10/2015;63.0;54.0;44.0;50.0;45.0;41.0;93.0;71.0;49.0;30.23;30.17;30.1;10.0;10.0;10.0;12.0;4.0;14.0;0;3.0;292.0;60
3/22/2015;66.0;60.0;54.0;56.0;52.0;48.0;93.0;78.0;63.0;30.2;30.16;30.13;10.0;10.0;9.0;18.0;9.0;29.0;0.02;7.0;197.0;120
2/11/2015;64.0;53.0;42.0;50.0;46.0;41.0;96.0;78.0;60.0;30.19;30.15;30.11;10.0;10.0;10.0;8.0;3.0;10.0;0;4.0;210.0;74
3/21/2015;71.0;63.0;54.0;54.0;53.0;51.0;86.0;70.0;53.0;30.19;30.15;30.1;10.0;10.0;7.0;18.0;6.0;20.0;0;7.0;262.0;185
2/12/2015;69.0;58.0;47.0;53.0;48.0;44.0;83.0;68.0;52.0;30.22;30.17;30.13;10.0;10.0;10.0;9.0;2.0;17.0;0;3.0;278.0;67
3/20/2015;66.0;57.0;48.0;52.0;48.0;41.0;93.0;71.0;49.0;30.17;30.11;30.06;10.0;10.0;10.0;18.0;6.0;22.0;0;5.0;292.0;106
2/13/2015;70.0;58.0;46.0;54.0;50.0;43.0;89.0;70.0;51.0;30.17;30.1;30.06;10.0;10.0;10.0;10.0;3.0;13.0;0;1.0;304.0;149
3/19/2015;73.0;60.0;47.0;52.0;49.0;43.0;93.0;64.0;35.0;30.08;30.05;30.0;10.0;10.0;10.0;18.0;6.0;21.0;0;2.0;294.0;98
2/14/2015;71.0;59.0;47.0;54.0;50.0;46.0;96.0;75.0;53.0;30.12;30.07;30.03;10.0;10.0;10.0;12.0;4.0;14.0;0;1.0;324.0;347
3/18/2015;68.0;58.0;48.0;51.0;48.0;45.0;93.0;71.0;48.0;30.08;30.05;30.01;10.0;10.0;10.0;17.0;6.0;21.0;0;1.0;260.0;95
2/15/2015;70.0;58.0;45.0;52.0;47.0;41.0;93.0;67.0;40.0;30.06;30.01;29.97;10.0;10.0;10.0;9.0;3.0;13.0;0;2.0;206.0;228
3/17/2015;66.0;59.0;51.0;53.0;49.0;46.0;86.0;69.0;52.0;30.14;30.08;30.04;10.0;10.0;10.0;23.0;9.0;29.0;0;5.0;269.0;94
2/16/2015;71.0;59.0;46.0;54.0;49.0;42.0;93.0;73.0;53.0;30.04;30.0;29.96;10.0;9.0;6.0;17.0;6.0;20.0;0;3.0;313.0;143
3/16/2015;68.0;61.0;53.0;54.0;50.0;46.0;83.0;66.0;48.0;30.06;30.03;30.01;10.0;10.0;10.0;13.0;5.0;14.0;0;7.0;281.0;105
2/17/2015;58.0;56.0;53.0;51.0;49.0;45.0;93.0;80.0;66.0;30.19;30.13;30.04;10.0;8.0;4.0;10.0;6.0;13.0;T;8.0;281.0;75
3/15/2015;69.0;62.0;54.0;53.0;47.0;41.0;83.0;62.0;40.0;30.09;30.04;29.98;10.0;10.0;10.0;20.0;5.0;23.0;0;6.0;308.0;186
2/18/2015;64.0;57.0;50.0;53.0;49.0;45.0;93.0;79.0;64.0;30.24;30.18;30.12;10.0;10.0;7.0;12.0;5.0;13.0;0;4.0;288.0;69
3/14/2015;80.0;66.0;52.0;57.0;52.0;44.0;93.0;66.0;38.0;30.12;30.05;29.96;10.0;10.0;10.0;13.0;5.0;15.0;0;6.0;297.0;247
2/19/2015;61.0;56.0;50.0;52.0;51.0;50.0;96.0;84.0;72.0;30.17;30.13;30.06;10.0;8.0;4.0;14.0;5.0;17.0;0;7.0;271.0;75
3/13/2015;74.0;61.0;48.0;55.0;52.0;47.0;93.0;66.0;38.0;30.18;30.14;30.08;10.0;10.0;10.0;15.0;4.0;20.0;0;5.0;291.0;128
2/20/2015;65.0;59.0;52.0;53.0;51.0;47.0;93.0;73.0;52.0;30.09;30.02;29.94;10.0;8.0;4.0;12.0;3.0;15.0;T;4.0;220.0;122
3/12/2015;73.0;60.0;46.0;54.0;51.0;46.0;100.0;72.0;44.0;30.29;30.22;30.14;10.0;10.0;10.0;14.0;5.0;15.0;0;3.0;282.0;89
2/21/2015;68.0;57.0;46.0;51.0;47.0;39.0;93.0;67.0;40.0;29.98;29.91;29.84;10.0;10.0;9.0;17.0;5.0;21.0;0;2.0;319.0;130
3/11/2015;65.0;58.0;51.0;56.0;51.0;43.0;100.0;72.0;44.0;30.26;30.14;30.01;10.0;10.0;8.0;15.0;5.0;17.0;0.02;5.0;308.0;58
2/22/2015;67.0;56.0;45.0;48.0;36.0;20.0;100.0;61.0;22.0;29.89;29.86;29.83;10.0;9.0;0.0;24.0;8.0;35.0;0;1.0;360.0;142
3/10/2015;63.0;56.0;48.0;52.0;50.0;46.0;100.0;86.0;72.0;30.03;29.96;29.93;10.0;5.0;0.0;25.0;5.0;29.0;0;8.0;292.0;81
2/23/2015;64.0;54.0;44.0;28.0;20.0;12.0;53.0;35.0;17.0;30.23;30.06;29.89;10.0;10.0;10.0;24.0;7.0;31.0;0;1.0;353.0;102
3/9/2015;65.0;57.0;48.0;51.0;49.0;47.0;100.0;82.0;63.0;30.08;30.01;29.93;10.0;9.0;6.0;15.0;6.0;17.0;0;5.0;268.0;78
2/24/2015;64.0;50.0;36.0;49.0;37.0;22.0;89.0;58.0;27.0;30.37;30.31;30.25;10.0;10.0;10.0;12.0;5.0;17.0;0;2.0;244.0;55
3/8/2015;65.0;55.0;44.0;51.0;48.0;43.0;93.0;77.0;60.0;30.13;30.07;30.01;10.0;8.0;5.0;18.0;7.0;21.0;0;3.0;285.0;175
2/25/2015;65.0;55.0;45.0;50.0;45.0;41.0;93.0;70.0;46.0;30.31;30.23;30.1;10.0;10.0;8.0;17.0;5.0;20.0;0;3.0;260.0;68
3/7/2015;71.0;58.0;45.0;52.0;46.0;41.0;89.0;65.0;41.0;30.14;30.08;30.01;10.0;10.0;10.0;13.0;6.0;30.0;0;1.0;292.0;162
2/26/2015;67.0;56.0;45.0;52.0;49.0;43.0;93.0;76.0;58.0;30.09;30.02;29.92;10.0;9.0;6.0;16.0;6.0;21.0;0;3.0;259.0;57
3/6/2015;71.0;57.0;42.0;50.0;43.0;36.0;83.0;60.0;37.0;30.3;30.23;30.14;10.0;10.0;10.0;10.0;4.0;;0;0.0;306.0;120
2/27/2015;63.0;56.0;48.0;50.0;46.0;42.0;80.0;68.0;56.0;29.92;29.83;29.74;10.0;10.0;10.0;38.0;19.0;45.0;0;2.0;288.0;60
3/5/2015;70.0;56.0;42.0;47.0;41.0;36.0;76.0;57.0;37.0;30.35;30.28;30.24;10.0;10.0;10.0;13.0;4.0;;0;0.0;312.0;63
2/28/2015;59.0;52.0;44.0;46.0;44.0;41.0;92.0;74.0;55.0;29.92;29.81;29.73;10.0;10.0;4.0;22.0;7.0;25.0;0.07;4.0;257.0;131
3/4/2015;67.0;54.0;41.0;47.0;40.0;35.0;89.0;61.0;32.0;30.23;30.13;30.04;10.0;10.0;10.0;7.0;4.0;;0;0.0;294.0;66
3/1/2015;63.0;54.0;44.0;47.0;41.0;33.0;92.0;64.0;36.0;30.0;29.95;29.91;10.0;10.0;10.0;17.0;7.0;21.0;0;1.0;294.0;144
3/3/2015;64.0;53.0;42.0;47.0;43.0;39.0;89.0;71.0;52.0;30.06;30.01;29.97;10.0;10.0;10.0;16.0;5.0;18.0;0;2.0;282.0;98
3/2/2015;59.0;52.0;45.0;47.0;44.0;40.0;86.0;69.0;51.0;29.99;29.86;29.81;10.0;10.0;10.0;15.0;5.0;23.0;T;5.0;174.0;75
